task,split_name,split_fold,model,mode,seed,accuracy__k1_shuffle,accuracy__k2_shuffle,accuracy__k3_shuffle,accuracy__matched_negative_replacement,accuracy__motif_disruption,accuracy__motif_preserving_flank_shuffle,accuracy__original,accuracy__reverse_complement,auprc__k1_shuffle,auprc__k2_shuffle,auprc__k3_shuffle,auprc__matched_negative_replacement,auprc__motif_disruption,auprc__motif_preserving_flank_shuffle,auprc__original,auprc__reverse_complement,auroc__k1_shuffle,auroc__k2_shuffle,auroc__k3_shuffle,auroc__matched_negative_replacement,auroc__motif_disruption,auroc__motif_preserving_flank_shuffle,auroc__original,auroc__reverse_complement,brier__k1_shuffle,brier__k2_shuffle,brier__k3_shuffle,brier__matched_negative_replacement,brier__motif_disruption,brier__motif_preserving_flank_shuffle,brier__original,brier__reverse_complement,calibration_shift__k1_shuffle,calibration_shift__k2_shuffle,calibration_shift__k3_shuffle,calibration_shift__matched_negative_replacement,calibration_shift__motif_disruption,calibration_shift__motif_preserving_flank_shuffle,calibration_shift__reverse_complement,ece__k1_shuffle,ece__k2_shuffle,ece__k3_shuffle,ece__matched_negative_replacement,ece__motif_disruption,ece__motif_preserving_flank_shuffle,ece__original,ece__reverse_complement,flip_rate__k1_shuffle,flip_rate__k2_shuffle,flip_rate__k3_shuffle,flip_rate__matched_negative_replacement,flip_rate__motif_disruption,flip_rate__motif_preserving_flank_shuffle,flip_rate__reverse_complement,mcc__k1_shuffle,mcc__k2_shuffle,mcc__k3_shuffle,mcc__matched_negative_replacement,mcc__motif_disruption,mcc__motif_preserving_flank_shuffle,mcc__original,mcc__reverse_complement,mean_abs_delta__k1_shuffle,mean_abs_delta__k2_shuffle,mean_abs_delta__k3_shuffle,mean_abs_delta__matched_negative_replacement,mean_abs_delta__motif_disruption,mean_abs_delta__motif_preserving_flank_shuffle,mean_abs_delta__reverse_complement,positive_prob_drop__k1_shuffle,positive_prob_drop__k2_shuffle,positive_prob_drop__k3_shuffle,positive_prob_drop__matched_negative_replacement,positive_prob_drop__motif_disruption,positive_prob_drop__motif_preserving_flank_shuffle,positive_prob_drop__reverse_complement
drosophila_enhancers_stark,official,none,kmer_logistic_regression,frozen,-1,0.6398843930635838,0.6398843930635838,,,,,0.6398843930635838,0.6398843930635838,,,,,,,,,0.6891095592903204,0.6891095592903204,,,,,0.6891095592903204,0.6891095592903204,0.4676125453788157,0.4657216938026657,,,,,0.3366945793667698,0.3660901792581062,0.1356379987721738,0.1351415870763492,,,,,0.0324491658575981,0.4599497968217557,0.4594533851259311,,,,,0.3243117980495819,0.35676096390718,0.4901734104046242,0.5028901734104047,,,,,0.4040462427745664,,,,,,,,,0.4875489045386866,0.4941509558395831,,,,,0.3999552067730182,0.3757548443763353,0.3365084417030419,,,,,0.0380504537677751
drosophila_enhancers_stark,official,none,kmer_logistic_regression,frozen,42,0.6398843930635838,0.6398843930635838,,,,,0.6398843930635838,0.6398843930635838,,,,,,,,,0.6891095592903204,0.6891095592903204,,,,,0.6891095592903204,0.6891095592903204,0.4676125453788157,0.4657216938026657,,,,,0.3366945793667698,0.3660901792581062,0.1356379987721738,0.1351415870763492,,,,,0.0324491658575981,0.4599497968217557,0.4594533851259311,,,,,0.3243117980495819,0.35676096390718,0.4901734104046242,0.5028901734104047,,,,,0.4040462427745664,,,,,,,,,0.4875489045386866,0.4941509558395831,,,,,0.3999552067730182,0.3757548443763353,0.3365084417030419,,,,,0.0380504537677751
dummy_mouse_enhancers_ensembl,official,none,kmer_logistic_regression,frozen,-1,0.8181818181818182,0.8181818181818182,,,,,0.8181818181818182,0.8181818181818182,,,,,,,,,0.8966600642032647,0.8966600642032647,,,,,0.8966600642032647,0.8966600642032647,0.3676788663814344,0.2457667877971898,,,,,0.1477564372944349,0.193561484176143,0.1958730693831021,0.1161110892648684,,,,,0.0664384911624565,0.3236421196226633,0.2438801395044296,,,,,0.1277690502395612,0.1942075414020178,0.4793388429752066,0.2314049586776859,,,,,0.1570247933884297,,,,,,,,,0.4336245677454272,0.2321162225711011,,,,,0.1651610761398572,0.0646362251000858,0.261365250130633,,,,,0.0483197122307484
dummy_mouse_enhancers_ensembl,official,none,kmer_logistic_regression,frozen,42,0.8181818181818182,0.8181818181818182,,,,,0.8181818181818182,0.8181818181818182,,,,,,,,,0.8966600642032647,0.8966600642032647,,,,,0.8966600642032647,0.8966600642032647,0.3676788663814344,0.2457667877971898,,,,,0.1477564372944349,0.193561484176143,0.1958730693831021,0.1161110892648684,,,,,0.0664384911624565,0.3236421196226633,0.2438801395044296,,,,,0.1277690502395612,0.1942075414020178,0.4793388429752066,0.2314049586776859,,,,,0.1570247933884297,,,,,,,,,0.4336245677454272,0.2321162225711011,,,,,0.1651610761398572,0.0646362251000858,0.261365250130633,,,,,0.0483197122307484
dummy_mouse_enhancers_ensembl,official,none,small_cnn,full,42,0.6487603305785123,0.7355371900826446,0.7231404958677686,0.8140495867768595,0.8140495867768595,0.6570247933884298,0.8140495867768595,0.8264462809917356,0.8272893928597465,0.8532351537333458,0.8385711849718133,0.8894619826549157,0.8881330405337287,0.7919196774581343,0.8880996028591304,0.8747204884603146,0.8275391025203197,0.8583430093572842,0.8535619151697289,0.8945085718188648,0.8933132982719759,0.79311522436992,0.8933815996175125,0.8908544498326617,0.2809148464913155,0.1920090164996165,0.1855957712623001,0.1343289031986494,0.1348443227209086,0.2450499575784871,0.1350509836297722,0.1343745719411058,0.2134383301874084,0.1052573708247793,0.0732998244064159,-0.0010538145530322,-0.0007235276982311,0.1320512032921403,-0.0201262841847809,0.2864197181029753,0.1782387587403462,0.1462812123219829,0.0719275733625346,0.0722578602173358,0.2050325912077072,0.0729813879155669,0.0528551037307859,0.2975206611570248,0.2107438016528925,0.1900826446280991,0.0,0.0,0.2644628099173554,0.128099173553719,0.385694607919935,0.5131804146291878,0.4743416490252569,0.6286361115149225,0.6286361115149225,0.3434732248795389,0.6286361115149225,0.6532496021698312,0.2490615546703338,0.1491187959909439,0.1293167471885681,0.001053815241903,0.001960125286132,0.1922436952590942,0.1053892821073532,0.3317682445049286,0.1700844168663025,0.143399953842163,-0.0021076202392578,-0.0006299614906311,0.2312342226505279,-0.0044237971305847
gc_correlated,synthetic_default,none,kmer_logistic_regression,frozen,-1,1.0,1.0,,,1.0,,1.0,1.0,,,,,,,,,1.0,1.0,,,1.0,,1.0,1.0,3.5818182256721385e-06,4.39435480221305e-06,,,4.97491938977102e-06,,8.036813068274631e-07,9.046980273037808e-07,0.0002413126213885,0.0002543444078207,,,0.0003361647296109,,3.027885397899972e-06,0.0005174172499732,0.0005304490364054,,,0.0006122693581955,,0.0002761046285846,0.0002791325139825,0.0,0.0,,,0.0,,0.0,,,,,,,,,0.0002843143634834,0.0002877317999096,,,0.0003361647296109,,4.427311536136068e-05,0.0004401507853578,0.0004849745648859,,,0.0006723294592217,,-4.278398088253255e-06
gc_correlated,synthetic_default,none,kmer_logistic_regression,frozen,42,1.0,1.0,,,1.0,,1.0,1.0,,,,,,,,,1.0,1.0,,,1.0,,1.0,1.0,3.5818182256721385e-06,4.39435480221305e-06,,,4.97491938977102e-06,,8.036813068274631e-07,9.046980273037808e-07,0.0002413126213885,0.0002543444078207,,,0.0003361647296109,,3.027885397899972e-06,0.0005174172499732,0.0005304490364054,,,0.0006122693581955,,0.0002761046285846,0.0002791325139825,0.0,0.0,,,0.0,,0.0,,,,,,,,,0.0002843143634834,0.0002877317999096,,,0.0003361647296109,,4.427311536136068e-05,0.0004401507853578,0.0004849745648859,,,0.0006723294592217,,-4.278398088253255e-06
gc_correlated,synthetic_default,none,small_cnn,full,-1,0.9997,0.9997,,,0.9997,,0.9997,0.9997,,,,,,,,,1.0,1.0,,,1.0,,1.0,1.0,0.0001183938585052,0.0003397290977544,,,0.0002186894847748,,0.0002176703606741,6.895858225047923e-05,-3.965380153740002e-05,0.0001220055116109,,,1.310110092159997e-05,,-0.0001391117975839,0.0002347058393027,0.0003963651524511,,,0.0002874607417617,,0.0002743596408401,0.0001352478432562,0.0003,0.0005,,,0.0,,0.0004,,,,,,,,,0.0003889109785404,0.0005152608410753,,,1.3102257403196926e-05,,0.0004063434861109,9.57489013671875e-05,-1.5854835510253907e-06,,,2.620220184326172e-05,,2.189874649047852e-05
gc_correlated,synthetic_default,none,small_cnn,full,11,0.9995,0.9995,,,0.9995,,0.9995,0.9995,,,,,,,,,1.0,1.0,,,1.0,,1.0,1.0,0.0004769647601775,0.0016955775600112,,,0.0002201069627539,,0.0002201069627537,0.0003388348277701,0.0004537604289217,0.0014969429040975,,,0.0,,0.0001441159869301,0.0008874907123172,0.001930673187493,,,0.0004337302833955,,0.0004337302833955,0.0005778462703256,0.0005,0.0015,,,0.0,,0.001,,,,,,,,,0.0007248289766721,0.0015871240757405,,,2.9802321721561503e-10,,0.0009961111936718,0.0,0.0,,,0.0,,0.0
gc_correlated,synthetic_default,none,small_cnn,full,23,1.0,1.0,,,1.0,,1.0,1.0,,,,,,,,,1.0,1.0,,,1.0,,1.0,1.0,7.142090452488114e-08,1.3828696012345558e-11,,,1.3191804314163606e-08,,1.2685851610430393e-08,1.4815516923662526e-10,7.354960601446692e-06,-2.5536640606560468e-06,,,5.960464477539105e-08,,-2.2542842685879805e-06,1.0027604275819613e-05,1.1897961371687417e-07,,,2.732248319148312e-06,,2.672643674372921e-06,4.183594057849405e-07,0.0,0.0,,,0.0,,0.0,,,,,,,,,1.2737224096781574e-05,2.819290784827899e-06,,,6.273388919453282e-08,,3.091201733695925e-06,3.2186508178710938e-06,-5.0067901611328125e-06,,,1.1920928955078125e-07,,-4.76837158203125e-06
gc_correlated,synthetic_default,none,small_cnn,full,37,1.0,1.0,,,1.0,,1.0,1.0,,,,,,,,,1.0,1.0,,,1.0,,1.0,1.0,5.81547844054821e-12,1.731007957776295e-14,,,8.22514127987847e-07,,2.0457749828315126e-10,2.568746781168636e-07,-4.471856644983063e-07,-5.134930635281032e-07,,,2.017617225646973e-05,,1.0841045597728432e-05,6.645698302776283e-08,1.495839979659408e-10,,,2.06898149039958e-05,,5.136426475260691e-07,1.1354688245254502e-05,0.0,0.0,,,0.0,,0.0,,,,,,,,,5.988453040117747e-07,5.314053623806103e-07,,,2.0153045625193045e-05,,1.1313585673633496e-05,-8.940696716308594e-07,-1.0132789611816406e-06,,,4.035234451293945e-05,,2.1696090698242188e-05
gc_correlated,synthetic_default,none,small_cnn,full,49,1.0,1.0,,,1.0,,1.0,1.0,,,,,,,,,1.0,1.0,,,1.0,,1.0,1.0,0.0001140216626586,2.8537348982312673e-14,,,4.2745615531379566e-06,,1.75655409248075e-09,4.459658458494654e-06,0.0002381508196596,-9.502177410469768e-07,,,4.526972770690918e-05,,4.6298241726083766e-05,0.0002391050926595,4.055258795432337e-09,,,4.622400070675159e-05,,9.542729998424091e-07,4.7252514725926176e-05,0.0,0.0,,,0.0,,0.0,,,,,,,,,0.0002400689263595,9.540646033201483e-07,,,4.5294375013327226e-05,,4.817640365217813e-05,0.0004763007164001,-1.9073486328125e-06,,,9.053945541381836e-05,,9.256601333618164e-05
gc_correlated,synthetic_default,none,small_cnn,full,61,0.999,0.999,,,0.999,,0.999,0.999,,,,,,,,,1.0,1.0,,,1.0,,1.0,1.0,9.114429701556464e-07,3.067914886354005e-06,,,0.0008682301936349,,0.0008682301936336,1.2414021905131857e-06,-0.0008970880312053,-0.0008828979711769,,,0.0,,-0.0008945599779044,3.683933027787134e-05,5.102939030621201e-05,,,0.0009339273614832,,0.0009339273614832,3.936738357879221e-05,0.001,0.001,,,0.0,,0.001,,,,,,,,,0.0009663209202699,0.0009848753688856,,,8.344650526126427e-10,,0.0009730250458233,1.1920928955078125e-07,0.0,,,0.0,,0.0
gc_correlated,synthetic_default,none,small_cnn_rc_aug,full,-1,1.0,1.0,,,1.0,,1.0,1.0,,,,,,,,,1.0,1.0,,,1.0,,1.0,1.0,1.3327553349434956e-05,1.4955019760726916e-10,,,1.3548139895139342e-06,,1.1723551683090448e-06,1.3700126487834025e-06,4.72122999559038e-05,-1.5182113243986962e-05,,,5.573034286499024e-06,,2.7104494226398227e-06,6.257869674763057e-05,1.842835477398148e-07,,,2.09394310782258e-05,,1.5366396791726776e-05,1.80768462143666e-05,0.0,0.0,,,0.0,,0.0,,,,,,,,,7.794341513580604e-05,1.5545785515147514e-05,,,5.5716336064493e-06,,3.344053526532775e-05,8.614063262939453e-05,-3.0338764190673828e-05,,,1.1146068572998049e-05,,5.4836273193359375e-06
gc_correlated,synthetic_default,none,small_cnn_rc_aug,full,11,1.0,1.0,,,1.0,,1.0,1.0,,,,,,,,,1.0,1.0,,,1.0,,1.0,1.0,2.8421728193689445e-17,4.579949538210655e-12,,,2.361393186589569e-07,,5.341135534044205e-12,1.0053880899379444e-07,-5.960486092185443e-08,-6.7342029997610915e-09,,,1.0818243026733398e-05,,7.033356897979254e-06,1.55582930436507e-13,5.287081350502376e-08,,,1.0877848043238183e-05,,5.960501650478485e-08,7.092961914484039e-06,0.0,0.0,,,0.0,,0.0,,,,,,,,,5.1975693082795273e-08,1.0472661671201425e-07,,,1.081430946214823e-05,,7.143626589822816e-06,-1.1920928955078125e-07,-1.1920928955078125e-07,,,2.16364860534668e-05,,1.4066696166992188e-05
gc_correlated,synthetic_default,none,small_cnn_rc_aug,full,23,1.0,1.0,,,1.0,,1.0,1.0,,,,,,,,,1.0,1.0,,,1.0,,1.0,1.0,8.683848630241427e-07,2.1004588401303725e-14,,,2.171814162607273e-14,,2.171814162607273e-14,1.5880818573789314e-16,2.0834425904059373e-05,1.7990409162394002e-10,,,0.0,,-3.5595916769715062e-09,2.0838457203353755e-05,4.211203386006446e-09,,,4.031299294382506e-09,,4.031299294382506e-09,4.717076174109991e-10,0.0,0.0,,,0.0,,0.0,,,,,,,,,2.084266634483356e-05,8.384234639891021e-09,,,0.0,,4.553363019965673e-09,0.0,0.0,,,0.0,,0.0
gc_correlated,synthetic_default,none,small_cnn_rc_aug,full,37,1.0,1.0,,,1.0,,1.0,1.0,,,,,,,,,1.0,1.0,,,1.0,,1.0,1.0,1.3440177945608702e-14,9.004609807588902e-20,,,2.957881787200161e-14,,2.9401182188061595e-14,1.1368683776366422e-16,-1.241487135317243e-09,-3.8274420980678744e-09,,,0.0,,-3.834149565740046e-09,2.5926707447609942e-09,6.7157820103636015e-12,,,3.834157880078237e-09,,3.834157880078237e-09,8.314338190910757e-15,0.0,0.0,,,0.0,,0.0,,,,,,,,,6.426828846883836e-09,3.8408738411988e-09,,,2.9802321721561503e-10,,4.0725725014567615e-09,0.0,0.0,,,0.0,,0.0
gc_correlated,synthetic_default,none,small_cnn_rc_aug,full,49,1.0,1.0,,,1.0,,1.0,1.0,,,,,,,,,1.0,1.0,,,1.0,,1.0,1.0,5.496362565261836e-05,6.967453402901376e-18,,,3.975334597470627e-07,,5.137202702283671e-12,8.260953648069369e-07,0.0001662225814897,-5.955070121613573e-08,,,1.4036893844604494e-05,,2.026573157756914e-05,0.0001662821926409,6.044993672293941e-11,,,1.4096504995757353e-05,,5.961115115285867e-08,2.0325342728722e-05,0.0,0.0,,,0.0,,0.0,,,,,,,,,0.0001663475122768,5.269785319228505e-08,,,1.4047920558368787e-05,,2.037440390267875e-05,0.0003324747085571,-1.1920928955078125e-07,,,2.8073787689208984e-05,,4.0531158447265625e-05
gc_correlated,synthetic_default,none,small_cnn_rc_aug,full,61,1.0,1.0,,,1.0,,1.0,1.0,,,,,,,,,1.0,1.0,,,1.0,,1.0,1.0,1.0805756218063678e-05,7.431500268522344e-10,,,6.140397117866693e-06,,5.861765312087664e-06,5.923429069843786e-06,4.906533873369823e-05,-7.584063377771247e-05,,,3.0100345611572266e-06,,-1.373944762110656e-05,0.0001257702410675,8.642685560893105e-07,,,7.971493689495901e-05,,7.670490233380178e-05,6.296545471269522e-05,0.0,0.0,,,0.0,,0.0,,,,,,,,,0.0002024684945354,7.755927799735218e-05,,,2.9956399885122664e-06,,0.0001396760198986,9.834766387939452e-05,-0.0001514554023742,,,6.020069122314453e-06,,-2.7179718017578125e-05
gc_matched,synthetic_default,none,kmer_logistic_regression,frozen,-1,1.0,1.0,,,1.0,,1.0,1.0,,,,,,,,,1.0,1.0,,,1.0,,1.0,1.0,0.4957614003908556,0.4835152180246019,,,0.4737851650288983,,4.517980320835594e-05,4.189813729377258e-05,0.491680494201716,0.4796320886634865,,,0.4694532363704859,,0.0001568729330594,0.4959618303655436,0.4839134248273141,,,0.4737345725343135,,0.0042813361638276,0.004438209096887,0.5005,0.489,,,0.478,,0.0,,,,,,,,,0.4981937013203175,0.4865054173673747,,,0.4740082015778434,,0.0024389915722817,0.9486502723543186,0.9349175741117728,,,0.9480164031556868,,0.0002930536420778
gc_matched,synthetic_default,none,kmer_logistic_regression,frozen,42,1.0,1.0,,,1.0,,1.0,1.0,,,,,,,,,1.0,1.0,,,1.0,,1.0,1.0,0.4957614003908556,0.4835152180246019,,,0.4737851650288983,,4.517980320835594e-05,4.189813729377258e-05,0.491680494201716,0.4796320886634865,,,0.4694532363704859,,0.0001568729330594,0.4959618303655436,0.4839134248273141,,,0.4737345725343135,,0.0042813361638276,0.004438209096887,0.5005,0.489,,,0.478,,0.0,,,,,,,,,0.4981937013203175,0.4865054173673747,,,0.4740082015778434,,0.0024389915722817,0.9486502723543186,0.9349175741117728,,,0.9480164031556868,,0.0002930536420778
gc_matched,synthetic_default,none,small_cnn,full,-1,0.9969,0.9969,,,0.9969,,0.9969,0.9969,,,,,,,,,0.99996,0.99996,,,0.99996,,0.99996,0.99996,0.4767692979507432,0.4724191102230528,,,0.4485147396940487,,0.0064431178955701,0.00660364231464,0.4340689612195361,0.4310803741815035,,,0.4108016815796029,,0.000266154579958,0.4743623033341485,0.4713737162961159,,,0.4510950236942153,,0.0402933421146124,0.0405594966945704,0.5033,0.4999999999999999,,,0.4770999999999999,,0.0029,,,,,,,,,0.4772200763225555,0.4728133976459503,,,0.4348282098770141,,0.0253716811537742,0.8762707710266113,0.8671098589897156,,,0.8696561455726624,,0.000115156173706
gc_matched,synthetic_default,none,small_cnn,full,11,1.0,1.0,,,1.0,,1.0,1.0,,,,,,,,,1.0,1.0,,,1.0,,1.0,1.0,0.5014324411133079,0.4891443910860312,,,0.4702034272646637,,0.0004430274692164,0.0003764004917164,0.4928316814517602,0.4804189922669903,,,0.4617960485501681,,-8.096037455830075e-05,0.5012983287842944,0.4888856395995244,,,0.4702626958827022,,0.0084666473325341,0.0083856869579758,0.51,0.4975,,,0.478,,0.0,,,,,,,,,0.5062153935432434,0.4939592480659485,,,0.4702416658401489,,0.0058389510959386,0.944743037223816,0.9271917343139648,,,0.9404817819595336,,0.0001026391983032
gc_matched,synthetic_default,none,small_cnn,full,23,0.996,0.996,,,0.996,,0.996,0.996,,,,,,,,,0.999999,0.999999,,,0.999999,,0.999999,0.999999,0.4614190939704792,0.4621324235062466,,,0.4049153678260121,,0.0059981824817182,0.006577587790738,0.412621920648031,0.4147934517413378,,,0.3729277269039304,,-0.000756462013349,0.4574823402864859,0.4596538713797927,,,0.4177881465423853,,0.0448604196384549,0.0441039576251059,0.5055,0.507,,,0.477,,0.004,,,,,,,,,0.4864943623542785,0.4867753982543945,,,0.4163521230220794,,0.0285407733172178,0.8656149506568909,0.8613105416297913,,,0.8327043056488037,,-0.0022691488265991
gc_matched,synthetic_default,none,small_cnn,full,37,0.999,0.999,,,0.999,,0.999,0.999,,,,,,,,,0.999998,0.999998,,,0.999998,,0.999998,0.999998,0.4836233659430767,0.4863627763713722,,,0.4700088204490612,,0.0063195528529277,0.0063529176886135,0.4375924157768023,0.4400945469785948,,,0.425583375914488,,0.0010172289218753,0.4830968342225533,0.4855989654243458,,,0.471087794360239,,0.045504418445751,0.0465216473676264,0.4965,0.5005,,,0.4775,,0.0015,,,,,,,,,0.4575940370559692,0.4619113802909851,,,0.4341636300086975,,0.0312841236591339,0.85842365026474,0.8539246916770935,,,0.8683273792266846,,-8.249282836914062e-05
gc_matched,synthetic_default,none,small_cnn,full,49,0.9965,0.9965,,,0.9965,,0.9965,0.9965,,,,,,,,,0.999803,0.999803,,,0.999803,,0.999803,0.999803,0.457541434710575,0.4527685273456225,,,0.432517460519481,,0.015420571586226,0.0158709208155042,0.3657938282592222,0.3647150524333119,,,0.3469156363820657,,0.0011341092418879,0.4511698002964258,0.4500910244705155,,,0.4322916084192693,,0.0853759720372036,0.0865100812790915,0.501,0.5005,,,0.4765,,0.002,,,,,,,,,0.43653604388237,0.4325631856918335,,,0.3892730176448822,,0.0427914261817932,0.7891440391540527,0.781137228012085,,,0.7785460352897644,,0.0031087398529052
gc_matched,synthetic_default,none,small_cnn,full,61,0.993,0.993,,,0.993,,0.993,0.993,,,,,,,,,1.0,1.0,,,1.0,,1.0,1.0,0.4798301540162769,0.4716874328059914,,,0.4649286224110251,,0.004034255087762,0.0038403847866281,0.4615049599618649,0.4553798274872824,,,0.4467856201473624,,1.6857123933702173e-05,0.4787642130809835,0.472639080606401,,,0.4640448732664809,,0.0172592531191185,0.0172761102430522,0.5035,0.4945,,,0.4765,,0.007,,,,,,,,,0.4992605447769165,0.4888577759265899,,,0.4641106128692627,,0.0184031315147876,0.9234281778335572,0.9119850993156432,,,0.9282212257385254,,-0.0002839565277099
gc_matched,synthetic_default,none,small_cnn_rc_aug,full,-1,0.9995,0.9995,,,0.9995,,0.9995,0.9995,,,,,,,,,1.0,1.0,,,1.0,,1.0,1.0,0.49603435909987,0.4935088158643863,,,0.4727720292886396,,0.0004616031409522,0.0004238416005541,0.4923529253337823,0.4900693539169325,,,0.4695373417303257,,-2.674245836099993e-05,0.4960729505795752,0.4937893791627255,,,0.4732573669761186,,0.0037200252457929,0.0036932827874319,0.5006999999999999,0.4983000000000001,,,0.4779,,0.0009,,,,,,,,,0.5004824936389923,0.4978588163852692,,,0.4742083251476288,,0.0033522296929731,0.9465925097465516,0.9380255103111268,,,0.9484166622161864,,-4.392862319946289e-05
gc_matched,synthetic_default,none,small_cnn_rc_aug,full,11,1.0,1.0,,,1.0,,1.0,1.0,,,,,,,,,1.0,1.0,,,1.0,,1.0,1.0,0.5076899632835132,0.4960947328927123,,,0.4764391506352224,,0.0002415266339168,0.0003291884159119,0.5062703739878488,0.494378298204625,,,0.4753555651052157,,-0.0001326605784707,0.5077733277344377,0.4958812519512139,,,0.4768585188518046,,0.0015029537465889,0.0013702931681182,0.509,0.498,,,0.478,,0.0005,,,,,,,,,0.5099249482154846,0.4987863302230835,,,0.4770492613315582,,0.0017563075525686,0.9586107134819032,0.9412865042686462,,,0.9540984630584716,,3.993511199951172e-06
gc_matched,synthetic_default,none,small_cnn_rc_aug,full,23,0.9985,0.9985,,,0.9985,,0.9985,0.9985,,,,,,,,,1.0,1.0,,,1.0,,1.0,1.0,0.4961456164883289,0.4957779331216309,,,0.467266800433229,,0.0008849363121612,0.0008390435508367,0.4916031394642778,0.4911339489631355,,,0.4650734481848776,,0.0005814218418673,0.4962196250404231,0.4957504345392808,,,0.4696899337610229,,0.0046164855761453,0.0051979074180126,0.504,0.503,,,0.478,,0.002,,,,,,,,,0.5049370527267456,0.5040095448493958,,,0.4717798829078674,,0.0047719022259116,0.9434791803359984,0.9365243911743164,,,0.9435597658157348,,-2.2411346435546875e-05
gc_matched,synthetic_default,none,small_cnn_rc_aug,full,37,1.0,1.0,,,1.0,,1.0,1.0,,,,,,,,,1.0,1.0,,,1.0,,1.0,1.0,0.4946913864786771,0.4993155321276291,,,0.4766602168251509,,0.0001254217189666,0.0003595605829129,0.4936165475294403,0.4987011805689254,,,0.476363475690625,,0.0002824209350802,0.4944130042644684,0.4994976373039535,,,0.4771599324256531,,0.0007964567350281,0.0010788776701083,0.4955,0.5005,,,0.478,,0.0005,,,,,,,,,0.4963280856609344,0.500970184803009,,,0.4771837294101715,,0.0014416225021705,0.9450505971908568,0.9392259120941162,,,0.9543675184249878,,-1.0132789611816406e-06
gc_matched,synthetic_default,none,small_cnn_rc_aug,full,49,0.9995,0.9995,,,0.9995,,0.9995,0.9995,,,,,,,,,1.0,1.0,,,1.0,,1.0,1.0,0.4865098826660781,0.4883999984202362,,,0.4668974721113868,,0.00083968795335,0.0005731243068373,0.4765491229491309,0.4794817275581882,,,0.4561088209161535,,-0.0004746221937238,0.486725033137016,0.4896576377460733,,,0.4662847311040387,,0.0101759101878851,0.0097012879941612,0.498,0.5,,,0.478,,0.001,,,,,,,,,0.4943643510341644,0.4960473775863647,,,0.4683813452720642,,0.0072692451067268,0.9350453019142152,0.9334951639175416,,,0.9367627501487732,,-0.0001375079154968
gc_matched,synthetic_default,none,small_cnn_rc_aug,full,61,0.9995,0.9995,,,0.9995,,0.9995,0.9995,,,,,,,,,1.0,1.0,,,1.0,,1.0,1.0,0.4951349465827532,0.4879558827597228,,,0.4765965064382088,,0.0002164430863662,1.829114627170296e-05,0.493725442738214,0.486651614289789,,,0.4747853987547569,,-0.0003902722965576,0.4952337627215311,0.488159934273106,,,0.4762937187380739,,0.001508319983317,0.0011180476867593,0.497,0.49,,,0.4775,,0.0005,,,,,,,,,0.4968580305576324,0.4894806444644928,,,0.4766474068164825,,0.0015220710774883,0.950776755809784,0.9395955801010132,,,0.9532948136329652,,-6.270408630371094e-05
human_enhancers_cohn,chromosome_chr1_chr2_holdout,A,kmer_logistic_regression,frozen,-1,0.6235,0.6235,,,,,0.6235,0.6235,,,,,,,,,0.6869750000000001,0.6869750000000001,,,,,0.6869750000000001,0.6869750000000001,0.4254472211168774,0.3817807807430199,,,,,0.3347911351781911,0.3237534162401304,0.0963087206351825,0.0442869000982519,,,,,-0.0114690688135337,0.4144494603420051,0.3624276398050745,,,,,0.3181407397068225,0.3066716708932888,0.444,0.4355,,,,,0.3735,,,,,,,,,0.4351403646945209,0.4242221340585282,,,,,0.3622616513025858,-0.0606059496113583,0.1256083039000757,,,,,0.0006108221791323
human_enhancers_cohn,chromosome_chr1_chr2_holdout,A,kmer_logistic_regression,frozen,42,0.6235,0.6235,,,,,0.6235,0.6235,,,,,,,,,0.6869750000000001,0.6869750000000001,,,,,0.6869750000000001,0.6869750000000001,0.4254472211168774,0.3817807807430199,,,,,0.3347911351781911,0.3237534162401304,0.0963087206351825,0.0442869000982519,,,,,-0.0114690688135337,0.4144494603420051,0.3624276398050745,,,,,0.3181407397068225,0.3066716708932888,0.444,0.4355,,,,,0.3735,,,,,,,,,0.4351403646945209,0.4242221340585282,,,,,0.3622616513025858,-0.0606059496113583,0.1256083039000757,,,,,0.0006108221791323
human_enhancers_cohn,chromosome_chr1_chr2_holdout,A,small_cnn,full,-1,0.603,0.603,,,,,0.603,0.603,,,,,,,,,0.6723289999999998,0.6723289999999998,,,,,0.6723289999999998,0.6723289999999998,0.2378807826617062,0.233767191084624,,,,,0.2344348471475057,0.2343861324243192,0.0008753013461828,-0.0105276739448309,,,,,-0.0030294508785009,0.0859324765205383,0.0745295012295246,,,,,0.0850571751743555,0.0820277242958545,0.126,0.1275,,,,,0.0425,,,,,,,,,0.0607040263712406,0.0578648224472999,,,,,0.0197018776088953,0.0048069357872009,0.0159721970558166,,,,,0.0014029741287231
human_enhancers_cohn,chromosome_chr1_chr2_holdout,A,small_cnn,full,11,0.607,0.607,,,,,0.607,0.607,,,,,,,,,0.673486,0.673486,,,,,0.673486,0.673486,0.2424373903625691,0.2369173628042039,,,,,0.2346364079684636,0.234903395324462,0.0171074254140257,0.0083117046505212,,,,,-0.0021483924910426,0.0958962789997458,0.0871005582362413,,,,,0.07878885358572,0.0766404610946774,0.161,0.149,,,,,0.062,,,,,,,,,0.0800219699740409,0.0714310109615325,,,,,0.0322568453848362,0.0123176574707031,0.0026226043701171,,,,,0.0023105144500732
human_enhancers_cohn,chromosome_chr1_chr2_holdout,A,small_cnn,full,23,0.6095,0.6095,,,,,0.6095,0.6095,,,,,,,,,0.6729779999999999,0.6729779999999999,,,,,0.6729779999999999,0.6729779999999999,0.2376628770371853,0.234142249023474,,,,,0.2309200783246076,0.230045307684557,0.0173636303693056,0.00076450432837,,,,,-0.0019208914898335,0.0828110652118921,0.0662119391709566,,,,,0.0654474348425865,0.0635265433527529,0.1615,0.15,,,,,0.0655,,,,,,,,,0.0805379077792167,0.075250394642353,,,,,0.0312533564865589,0.0039840936660766,0.001774787902832,,,,,-5.894899368286133e-05
human_enhancers_cohn,chromosome_chr1_chr2_holdout,A,small_cnn,full,37,0.608,0.608,,,,,0.608,0.608,,,,,,,,,0.668983,0.668983,,,,,0.668983,0.668983,0.2433395887083973,0.2350413430486411,,,,,0.2339638852850424,0.2351275434676201,0.0158257380500436,0.0016267112344503,,,,,-0.0053563752099871,0.0959179904535413,0.081718963637948,,,,,0.0800922524034977,0.0747358771935105,0.16,0.159,,,,,0.073,,,,,,,,,0.0842989012598991,0.0815053135156631,,,,,0.0368563905358314,-0.0057161450386047,0.0254472494125366,,,,,0.002754271030426
human_enhancers_cohn,chromosome_chr1_chr2_holdout,A,small_cnn,full,49,0.597,0.597,,,,,0.597,0.597,,,,,,,,,0.6679110000000001,0.6679110000000001,,,,,0.6679110000000001,0.6679110000000001,0.2443041349409082,0.2377879993614741,,,,,0.237796666999809,0.2375288554809211,0.0037044527903199,-0.013942160435021,,,,,-0.0021894307583571,0.1021660246774554,0.0845194114521145,,,,,0.0984615718871355,0.0962721411287784,0.164,0.157,,,,,0.034,,,,,,,,,0.0785455703735351,0.0708510503172874,,,,,0.0189506392925977,-0.0023946166038513,0.0247631072998046,,,,,0.0001457929611206
human_enhancers_cohn,chromosome_chr1_chr2_holdout,A,small_cnn,full,61,0.5995,0.5995,,,,,0.5995,0.5995,,,,,,,,,0.6715875,0.6715875,,,,,0.6715875,0.6715875,0.2454408198463903,0.2448043607338695,,,,,0.244374481913104,0.2437260131058697,-0.0091336970999836,-0.0229414211809634,,,,,-0.0018489661216735,0.1176614073738455,0.1038536832928657,,,,,0.1267951044738292,0.1249461383521556,0.1575,0.1365,,,,,0.0525,,,,,,,,,0.0754843428730964,0.0706852674484252,,,,,0.0307709723711013,0.0158434510231018,0.0252531766891479,,,,,0.0018625855445861
human_enhancers_cohn,chromosome_chr1_chr2_holdout,A,small_cnn_rc_aug,full,-1,0.622,0.622,,,,,0.622,0.622,,,,,,,,,0.686525,0.686525,,,,,0.686525,0.686525,0.2394472642933043,0.2335879354722059,,,,,0.2300904437721271,0.230041808949855,0.0110482534952461,-0.0029642915539443,,,,,-0.0001617125310004,0.088273062467575,0.0742605174183845,,,,,0.0772248089723289,0.0770630964413285,0.1225,0.108,,,,,0.0175,,,,,,,,,0.0587466582655906,0.0541157163679599,,,,,0.0111639592796564,-0.0007038712501525,0.0112571716308593,,,,,6.711483001708984e-05
human_enhancers_cohn,chromosome_chr1_chr2_holdout,A,small_cnn_rc_aug,full,11,0.596,0.596,,,,,0.596,0.596,,,,,,,,,0.678883,0.678883,,,,,0.678883,0.678883,0.2530477260542897,0.247704767720432,,,,,0.2472695294193491,0.247060183213615,-0.0123764015212654,-0.0099620976746082,,,,,-0.0004689854830502,0.1304466551914811,0.1328609590381383,,,,,0.1428230567127466,0.1423540712296963,0.152,0.1235,,,,,0.037,,,,,,,,,0.0783656612038612,0.06785299628973,,,,,0.0192544013261795,0.020683467388153,0.0115430355072021,,,,,0.0002221465110778
human_enhancers_cohn,chromosome_chr1_chr2_holdout,A,small_cnn_rc_aug,full,23,0.6305,0.6305,,,,,0.6305,0.6305,,,,,,,,,0.693447,0.693447,,,,,0.693447,0.693447,0.2435360029483464,0.2350647878792163,,,,,0.229733559727854,0.2292813136574874,0.0109965432435274,0.0096673335507512,,,,,0.0007135503143072,0.0959999896436929,0.0946707799509167,,,,,0.0850034464001655,0.0857169967144727,0.152,0.1445,,,,,0.055,,,,,,,,,0.0819122642278671,0.0732704624533653,,,,,0.0294208545237779,0.0079848170280456,0.0063479542732238,,,,,-0.0010909438133239
human_enhancers_cohn,chromosome_chr1_chr2_holdout,A,small_cnn_rc_aug,full,37,0.6155,0.6155,,,,,0.6155,0.6155,,,,,,,,,0.684855,0.684855,,,,,0.684855,0.684855,0.2547044252438474,0.2404955031230572,,,,,0.2330349455192788,0.2330519999480636,0.0488227803930639,0.0061095122024417,,,,,0.0001253209859131,0.138040406294167,0.0953271381035447,,,,,0.089217625901103,0.0893429468870162,0.164,0.152,,,,,0.059,,,,,,,,,0.0908048003911972,0.0770386531949043,,,,,0.0281722992658615,-0.0407008528709411,0.0134568214416503,,,,,0.001114010810852
human_enhancers_cohn,chromosome_chr1_chr2_holdout,A,small_cnn_rc_aug,full,49,0.6205,0.6205,,,,,0.6205,0.6205,,,,,,,,,0.678454,0.678454,,,,,0.678454,0.678454,0.2393278175541197,0.2351637553773973,,,,,0.2283459700801844,0.2296026031940198,0.0262173404842615,0.0195597396567463,,,,,0.0013200500011444,0.0831657367572188,0.0765081359297037,,,,,0.0569483962729573,0.0582684462741017,0.155,0.139,,,,,0.0455,,,,,,,,,0.0860766097903251,0.0758863240480423,,,,,0.0216440055519342,-0.0114098191261291,0.0127826929092407,,,,,0.0008384585380554
human_enhancers_cohn,chromosome_chr1_chr2_holdout,A,small_cnn_rc_aug,full,61,0.6195,0.6195,,,,,0.6195,0.6195,,,,,,,,,0.686755,0.686755,,,,,0.686755,0.686755,0.2375814383019725,0.2362925657948848,,,,,0.2298465938165333,0.2288958315081099,0.0007279463782905,0.0029451094046234,,,,,-0.0003262913897633,0.0758945086747407,0.0781116717010736,,,,,0.0751665622964501,0.0748402709066868,0.1505,0.123,,,,,0.0715,,,,,,,,,0.0727410018444061,0.0662270560860633,,,,,0.0324176475405693,0.0199230313301086,0.0121552348136901,,,,,-0.0007480382919311
human_enhancers_cohn,official,none,dnabert2,frozen,-1,0.736,0.736,,,,,0.736,0.736,,,,,,,,,0.829724,0.829724,,,,,0.829724,0.829724,0.236424398398176,0.2067207367778735,,,,,0.1684215524305007,0.16732925703527,0.1085232303233046,0.0129624726783854,,,,,0.0132064982909392,0.1333540424009948,0.0377932847560756,,,,,0.0248308120776902,0.0380373103686294,0.341,0.227,,,,,0.097,,,,,,,,,0.1908418012604889,0.1434052035970671,,,,,0.0591436634907785,-0.048888688524904,0.0233092158668266,,,,,-0.003537693072833
human_enhancers_cohn,official,none,dnabert2,frozen,42,0.736,0.736,,,,,0.736,0.736,,,,,,,,,0.829724,0.829724,,,,,0.829724,0.829724,0.236424398398176,0.2067207367778735,,,,,0.1684215524305007,0.16732925703527,0.1085232303233046,0.0129624726783854,,,,,0.0132064982909392,0.1333540424009948,0.0377932847560756,,,,,0.0248308120776902,0.0380373103686294,0.341,0.227,,,,,0.097,,,,,,,,,0.1908418012604889,0.1434052035970671,,,,,0.0591436634907785,-0.048888688524904,0.0233092158668266,,,,,-0.003537693072833
human_enhancers_cohn,official,none,gc_only,frozen,42,,,,,,,0.6691134139320668,,,,,,,,,,,,,,,,0.7339186999468708,,,,,,,,,,,,,,,,,,,,,,,,,,,,,,,,,,,,,,,,,,,,,,,,,,,,,
human_enhancers_cohn,official,none,kmer_logistic_regression,frozen,-1,0.6525,0.6525,,,,,0.6525,0.6525,,,,,,,,,0.700194,0.700194,,,,,0.700194,0.700194,0.384094523361957,0.3740298834431764,,,,,0.3092504288842322,0.3142791478211482,0.082524954120737,0.0711104638266946,,,,,0.0105582427753119,0.3683076043765871,0.3568931140825447,,,,,0.2857826502558501,0.296340893031162,0.4345,0.419,,,,,0.378,,,,,,,,,0.4242434977687761,0.4051801925094063,,,,,0.3707913085785532,-0.0796955816894356,0.13848789357906,,,,,0.0172717217792954
human_enhancers_cohn,official,none,kmer_logistic_regression,frozen,42,0.6525,0.6525,,,,,0.6525,0.6525,,,,,,,,,0.700194,0.700194,,,,,0.700194,0.700194,0.384094523361957,0.3740298834431764,,,,,0.3092504288842322,0.3142791478211482,0.082524954120737,0.0711104638266946,,,,,0.0105582427753119,0.3683076043765871,0.3568931140825447,,,,,0.2857826502558501,0.296340893031162,0.4345,0.419,,,,,0.378,,,,,,,,,0.4242434977687761,0.4051801925094063,,,,,0.3707913085785532,-0.0796955816894356,0.13848789357906,,,,,0.0172717217792954
human_enhancers_cohn,official,none,small_cnn,full,-1,0.654,0.654,,,,,0.654,0.654,,,,,,,,,0.7535540000000001,0.7535540000000001,,,,,0.7535540000000001,0.7535540000000001,0.2118823166160335,0.2090310217495213,,,,,0.2086222937918012,0.2089196217818822,-0.0043589839041233,-0.0129581188857555,,,,,-0.0012302174866199,0.07501672488451,0.0664175899028777,,,,,0.0793757087886333,0.0781454913020134,0.1215,0.12,,,,,0.036,,,,,,,,,0.059227667748928,0.0571020133793354,,,,,0.0188364125788211,0.0077331066131591,0.0144553780555725,,,,,0.0013142824172973
human_enhancers_cohn,official,none,small_cnn,full,11,0.684,0.684,,,,,0.684,0.684,,,,,,,,,0.7522255,0.7522255,,,,,0.7522255,0.7522255,0.2096165637353877,0.2065419607406309,,,,,0.2023169061226374,0.202948273907166,-0.0185293791890144,-0.0164153911918401,,,,,-0.009970455005765,0.0173408847600221,0.0194548727571964,,,,,0.0358702639490366,0.0258998089432716,0.152,0.146,,,,,0.06,,,,,,,,,0.0755750238895416,0.0704205185174942,,,,,0.031228233128786,0.0083647370338439,0.002044677734375,,,,,0.0021153092384338
human_enhancers_cohn,official,none,small_cnn,full,23,0.646,0.646,,,,,0.646,0.646,,,,,,,,,0.7515110000000002,0.7515110000000002,,,,,0.7515110000000002,0.7515110000000002,0.2177960410751672,0.2159337954900513,,,,,0.2123586173647306,0.2113214690815696,-0.0112636256515979,-0.0112110576182603,,,,,-0.0040467156171798,0.0869055317789316,0.0869580998122692,,,,,0.0981691574305295,0.0941224418133497,0.162,0.1525,,,,,0.1085,,,,,,,,,0.0822356715798378,0.0771712586283683,,,,,0.0544652193784713,0.0159404277801513,0.0160027742385864,,,,,0.0023818016052246
human_enhancers_cohn,official,none,small_cnn,full,37,0.683,0.683,,,,,0.683,0.683,,,,,,,,,0.7478389999999999,0.7478389999999999,,,,,0.7478389999999999,0.7478389999999999,0.2099088239324928,0.2088068578693771,,,,,0.2050158158397009,0.2051618018106382,-0.0032110697403549,0.0043660973608494,,,,,-0.0006299089863896,0.03047183855623,0.0380490056574344,,,,,0.033682908296585,0.0330529993101954,0.151,0.1415,,,,,0.044,,,,,,,,,0.0691932514309883,0.0665509030222892,,,,,0.0176356304436922,-0.0035392045974731,0.0046843290328979,,,,,0.0001174211502075
human_enhancers_cohn,official,none,small_cnn,full,49,0.613,0.613,,,,,0.613,0.613,,,,,,,,,0.750998,0.750998,,,,,0.750998,0.750998,0.2402557109545505,0.2321327217471639,,,,,0.2359683547257616,0.236789614746919,0.0019864282384514,-0.0197477821931242,,,,,-0.0001347763910889,0.1753879745602607,0.153653764128685,,,,,0.1734015463218092,0.1732667699307203,0.105,0.112,,,,,0.023,,,,,,,,,0.0655925124883651,0.065159186720848,,,,,0.0174408666789531,-0.0012093186378479,0.0189086198806762,,,,,0.0011051297187805
human_enhancers_cohn,official,none,small_cnn,full,61,0.638,0.638,,,,,0.638,0.638,,,,,,,,,0.751455,0.751455,,,,,0.751455,0.751455,0.2281273569619731,0.2208093879668062,,,,,0.2220101645307954,0.2231979003059409,-0.0131530122198163,-0.0279866528697311,,,,,0.000329678632319,0.1213068900257349,0.1064732493758201,,,,,0.1344599022455513,0.1347895808778703,0.1535,0.1445,,,,,0.048,,,,,,,,,0.0950586423277854,0.0891602933406829,,,,,0.0335184298455715,0.0191089510917663,0.0306362509727478,,,,,0.0008516907691955
human_enhancers_cohn,official,none,small_cnn_rc_aug,full,-1,0.6745,0.6745,,,,,0.6745,0.6745,,,,,,,,,0.7645774999999999,0.7645774999999999,,,,,0.7645774999999999,0.7645774999999999,0.2116171367813697,0.2067066835192029,,,,,0.2026313437309672,0.2033111607781227,0.0056424895748496,-0.0103029819764196,,,,,0.0005418918952346,0.0765331561118364,0.0605876845605671,,,,,0.0708906665369868,0.0714325584322214,0.124,0.1165,,,,,0.031,,,,,,,,,0.0659988671541214,0.0613313354551792,,,,,0.0141832903027534,0.0030723810195922,0.0171687602996826,,,,,0.0001065731048583
human_enhancers_cohn,official,none,small_cnn_rc_aug,full,11,0.669,0.669,,,,,0.669,0.669,,,,,,,,,0.7598119999999999,0.7598119999999999,,,,,0.7598119999999999,0.7598119999999999,0.2174783346302262,0.2101134987346464,,,,,0.2049092642987361,0.2057600105403554,0.007427147269249,-0.0003094117864965,,,,,0.0012507968023418,0.083303025662899,0.0755664666071534,,,,,0.07587587839365,0.0771266751959919,0.152,0.134,,,,,0.0505,,,,,,,,,0.0795383378863334,0.0712068155407905,,,,,0.0236396100372076,0.0016092658042907,0.0057217478752136,,,,,-0.0008789300918579
human_enhancers_cohn,official,none,small_cnn_rc_aug,full,23,0.671,0.671,,,,,0.671,0.671,,,,,,,,,0.767179,0.767179,,,,,0.767179,0.767179,0.219192202626328,0.2158328713599428,,,,,0.2062938934412569,0.2063364021402582,0.0030878949798643,-0.0037724544219673,,,,,0.0013651812262833,0.1027635495811701,0.0959032001793384,,,,,0.0996756546013057,0.101040835827589,0.1675,0.1375,,,,,0.055,,,,,,,,,0.0924222916364669,0.0841012448072433,,,,,0.0349128581583499,0.0059307217597961,0.0135061144828796,,,,,-0.0007271766662597
human_enhancers_cohn,official,none,small_cnn_rc_aug,full,37,0.6635,0.6635,,,,,0.6635,0.6635,,,,,,,,,0.7586919999999999,0.7586919999999999,,,,,0.7586919999999999,0.7586919999999999,0.2243292835992281,0.2148874862054059,,,,,0.2113168408337836,0.2116943435424176,0.0044657664224505,-0.0224573603831231,,,,,-0.0009439664408563,0.1100661408305168,0.0831430140249431,,,,,0.1056003744080662,0.1046564079672098,0.1485,0.145,,,,,0.0565,,,,,,,,,0.0858399495482444,0.0835086107254028,,,,,0.0396557077765464,0.0047933459281921,0.0283843874931335,,,,,0.0007701516151428
human_enhancers_cohn,official,none,small_cnn_rc_aug,full,49,0.6765,0.6765,,,,,0.6765,0.6765,,,,,,,,,0.760744,0.760744,,,,,0.760744,0.760744,0.2126053110774113,0.207999815757132,,,,,0.2013859705188162,0.2026029188460529,0.0240689023733139,-0.0059200828298925,,,,,0.0003612831234931,0.0720580753758549,0.0420690901726484,,,,,0.047989173002541,0.0483504561260342,0.1635,0.1555,,,,,0.056,,,,,,,,,0.0858110636472702,0.0814190432429313,,,,,0.0242491103708744,-0.0093721747398376,0.0232585668563842,,,,,0.0005320310592651
human_enhancers_cohn,official,none,small_cnn_rc_aug,full,61,0.6795,0.6795,,,,,0.6795,0.6795,,,,,,,,,0.761108,0.761108,,,,,0.761108,0.761108,0.2111083857406706,0.2066365978811249,,,,,0.1994550600237843,0.2004448515928142,0.003734818033874,-0.0096025251373649,,,,,0.0033426734879613,0.044459988169372,0.0311226449981331,,,,,0.040725170135498,0.0440678436234593,0.1575,0.141,,,,,0.057,,,,,,,,,0.0823799297213554,0.0749189555644989,,,,,0.0286152213811874,0.0124008655548095,0.0149730443954467,,,,,0.0008370876312255
human_enhancers_ensembl,chromosome_chr1_chr2_holdout,A,kmer_logistic_regression,frozen,-1,0.6845,0.6845,,,,,0.6845,0.6845,,,,,,,,,0.738554,0.738554,,,,,0.738554,0.738554,0.3887649736029072,0.3655983010305992,,,,,0.2696101398755591,0.2785447906080766,0.1279881456724246,0.1045572267778087,,,,,0.0173395048074561,0.3630380996076262,0.3396071807130102,,,,,0.2350499539352015,0.2523894587426576,0.438,0.4315,,,,,0.353,,,,,,,,,0.4213551746378739,0.4129984963152852,,,,,0.3401164750413482,0.1249132531917477,0.1748936779988396,,,,,-0.0085409209934669
human_enhancers_ensembl,chromosome_chr1_chr2_holdout,A,kmer_logistic_regression,frozen,42,0.6845,0.6845,,,,,0.6845,0.6845,,,,,,,,,0.738554,0.738554,,,,,0.738554,0.738554,0.3887649736029072,0.3655983010305992,,,,,0.2696101398755591,0.2785447906080766,0.1279881456724246,0.1045572267778087,,,,,0.0173395048074561,0.3630380996076262,0.3396071807130102,,,,,0.2350499539352015,0.2523894587426576,0.438,0.4315,,,,,0.353,,,,,,,,,0.4213551746378739,0.4129984963152852,,,,,0.3401164750413482,0.1249132531917477,0.1748936779988396,,,,,-0.0085409209934669
human_enhancers_ensembl,official,none,kmer_logistic_regression,frozen,-1,0.6725,0.6725,,,,,0.6725,0.6725,,,,,,,,,0.735919,0.735919,,,,,0.735919,0.735919,0.4043416105268941,0.3874071989320605,,,,,0.2734987871521236,0.2712084540452738,0.1316629615645519,0.1118535295943451,,,,,-0.0060712480118731,0.3773685379363526,0.3575591059661459,,,,,0.2457055763718007,0.2396343283599275,0.448,0.45,,,,,0.3565,,,,,,,,,0.4271199750843948,0.434075068381236,,,,,0.3435115053220235,0.2028774627488171,0.2160423827040129,,,,,-0.0267104752773601
human_enhancers_ensembl,official,none,kmer_logistic_regression,frozen,42,0.6725,0.6725,,,,,0.6725,0.6725,,,,,,,,,0.735919,0.735919,,,,,0.735919,0.735919,0.4043416105268941,0.3874071989320605,,,,,0.2734987871521236,0.2712084540452738,0.1316629615645519,0.1118535295943451,,,,,-0.0060712480118731,0.3773685379363526,0.3575591059661459,,,,,0.2457055763718007,0.2396343283599275,0.448,0.45,,,,,0.3565,,,,,,,,,0.4271199750843948,0.434075068381236,,,,,0.3435115053220235,0.2028774627488171,0.2160423827040129,,,,,-0.0267104752773601
human_enhancers_ensembl,official,none,small_cnn,full,-1,0.7495,0.7495,,,,,0.7495,0.7495,,,,,,,,,0.838548,0.838548,,,,,0.838548,0.838548,0.2331847883343951,0.1994231702400173,,,,,0.1719178157550824,0.1714718841988123,-0.0111335453838109,-0.0415476201958953,,,,,0.0099939513057471,0.0684204949438571,0.0380064201317727,,,,,0.0795540403276681,0.0895479916334152,0.3095,0.198,,,,,0.1325,,,,,,,,,0.1650836169719696,0.1045274287462234,,,,,0.0891550555825233,0.1784351468086242,0.0648070573806762,,,,,0.0014162063598632
human_enhancers_ensembl,official,none,small_cnn,full,11,0.679,0.679,,,,,0.679,0.679,,,,,,,,,0.8313269999999999,0.8313269999999999,,,,,0.8313269999999999,0.8313269999999999,0.2687915442246729,0.231205575785762,,,,,0.2040781873155003,0.2019918586328685,-0.023805598989129,-0.0217617307826877,,,,,-0.0056433663070201,0.1450144309625029,0.1470582991689443,,,,,0.168820029951632,0.1631766636446118,0.343,0.139,,,,,0.2305,,,,,,,,,0.2347515374422073,0.1260991394519806,,,,,0.1525102704763412,0.1957642436027526,0.0612033009529113,,,,,0.0056146383285522
human_enhancers_ensembl,official,none,small_cnn,full,23,0.753,0.753,,,,,0.753,0.753,,,,,,,,,0.85571,0.85571,,,,,0.85571,0.85571,0.2687161810320364,0.2142165961875619,,,,,0.1712722362583174,0.1729023780536819,0.0355401358231902,-0.0173322833180426,,,,,-0.0001293654777108,0.1517036771476269,0.0988312580063939,,,,,0.1161635413244366,0.1160341758467257,0.3735,0.2415,,,,,0.097,,,,,,,,,0.2783282399177551,0.1861636638641357,,,,,0.0859148055315017,0.259718120098114,0.0942109823226928,,,,,0.0026859045028686
human_enhancers_ensembl,official,none,small_cnn,full,37,0.672,0.672,,,,,0.672,0.672,,,,,,,,,0.741835,0.741835,,,,,0.741835,0.741835,0.2395935614041972,0.2282932622141727,,,,,0.2081435573540318,0.2066119494922688,0.0415998533256352,0.0056437420360744,,,,,-0.0067774477563797,0.0899896544665098,0.054033543176949,,,,,0.0483898011408746,0.0416123533844948,0.1935,0.185,,,,,0.172,,,,,,,,,0.1103657856583595,0.1006935089826583,,,,,0.0991008132696151,0.0542430877685546,0.0117256641387939,,,,,-0.0037553310394287
human_enhancers_ensembl,official,none,small_cnn,full,49,0.715,0.715,,,,,0.715,0.715,,,,,,,,,0.8031159999999999,0.8031159999999999,,,,,0.8031159999999999,0.8031159999999999,0.2423086345229878,0.2156296996063573,,,,,0.1859653605466917,0.1878578336279998,0.0214518584795296,-0.0202098213098942,,,,,0.0012310499548913,0.0871390808559954,0.0454774010665714,,,,,0.0656872223764657,0.066918272331357,0.3305,0.2505,,,,,0.1235,,,,,,,,,0.1785395741462707,0.1409585624933242,,,,,0.0794669613242149,0.1502507328987121,0.0642839670181274,,,,,-0.0020592212677001
human_enhancers_ensembl,official,none,small_cnn,full,61,0.733,0.733,,,,,0.733,0.733,,,,,,,,,0.810695,0.810695,,,,,0.810695,0.810695,0.2807025023101545,0.218883402481241,,,,,0.1778532672609197,0.1766509674616548,0.1572964562661946,0.0557076890282332,,,,,0.0011476573906838,0.1809844457581639,0.0793956785202026,,,,,0.0236879894919693,0.0248356468826532,0.386,0.251,,,,,0.2935,,,,,,,,,0.2397895455360412,0.1498885452747345,,,,,0.1991955786943435,0.2321992218494415,0.09261155128479,,,,,0.0045947432518005
human_enhancers_ensembl,official,none,small_cnn_rc_aug,full,-1,0.8055,0.8055,,,,,0.8055,0.8055,,,,,,,,,0.8839299999999999,0.8839299999999999,,,,,0.8839299999999999,0.8839299999999999,0.2551415900308288,0.1853771904522916,,,,,0.1393566969178189,0.1399248230971101,0.1054037188924849,-0.0045207061972468,,,,,-0.0020066749379039,0.1453433184549212,0.0354188933651894,,,,,0.0399395995624363,0.0379329246245324,0.4035,0.2025,,,,,0.07,,,,,,,,,0.2593203783035278,0.1523363590240478,,,,,0.0688883513212204,0.3199376463890075,0.1265183091163635,,,,,0.002810001373291
human_enhancers_ensembl,official,none,small_cnn_rc_aug,full,11,0.7895,0.7895,,,,,0.7895,0.7895,,,,,,,,,0.8702700000000001,0.8702700000000001,,,,,0.8702700000000001,0.8702700000000001,0.2862646838623128,0.2046561150927663,,,,,0.1481588426622474,0.1488698595646824,0.1500336739756167,0.0273277239110321,,,,,-0.0020828724652528,0.1896700099892914,0.0669640599247068,,,,,0.0396363360136747,0.0375534635484218,0.433,0.248,,,,,0.1325,,,,,,,,,0.3059352338314056,0.1902884691953659,,,,,0.1116250157356262,0.309699684381485,0.1039069294929504,,,,,0.0065242052078247
human_enhancers_ensembl,official,none,small_cnn_rc_aug,full,23,0.79,0.79,,,,,0.79,0.79,,,,,,,,,0.8818320000000002,0.8818320000000002,,,,,0.8818320000000002,0.8818320000000002,0.2903763435975155,0.2025476294700695,,,,,0.1464257394989139,0.1486699977932526,0.1211702229026704,0.0047315569780767,,,,,0.0014336271751671,0.1949255013242363,0.0784868353996426,,,,,0.0737552784215659,0.0751889055967331,0.426,0.2285,,,,,0.081,,,,,,,,,0.3229410052299499,0.1847970634698867,,,,,0.0702254697680473,0.332943320274353,0.1271674633026123,,,,,0.0016127228736877
human_enhancers_ensembl,official,none,small_cnn_rc_aug,full,37,0.74,0.74,,,,,0.74,0.74,,,,,,,,,0.828672,0.828672,,,,,0.828672,0.828672,0.274238103052373,0.2153956101127639,,,,,0.1695947171502199,0.1662659512583918,0.1474154878258706,0.0430609501451254,,,,,-0.0022913409154862,0.1734185767173767,0.0690640390366316,,,,,0.0260030888915061,0.0237117479760199,0.3635,0.269,,,,,0.206,,,,,,,,,0.2466340661048889,0.1810876876115799,,,,,0.1541705578565597,0.2375929057598114,0.0882085561752319,,,,,0.0009787082672119
human_enhancers_ensembl,official,none,small_cnn_rc_aug,full,49,0.8015,0.8015,,,,,0.8015,0.8015,,,,,,,,,0.8829069999999999,0.8829069999999999,,,,,0.8829069999999999,0.8829069999999999,0.3051672028589335,0.2152007296870074,,,,,0.1381407164313113,0.1400969639242533,0.2049241879805922,0.0852860924396664,,,,,-0.0070973022282124,0.2275620515495539,0.107923956008628,,,,,0.0226378635689616,0.0155405613407492,0.43,0.2685,,,,,0.086,,,,,,,,,0.3168797492980957,0.1981712728738784,,,,,0.0767708122730255,0.3574954867362976,0.1669392585754394,,,,,0.0036351680755615
human_enhancers_ensembl,official,none,small_cnn_rc_aug,full,61,0.799,0.799,,,,,0.799,0.799,,,,,,,,,0.878342,0.878342,,,,,0.878342,0.878342,0.3120158451190651,0.2097041322955736,,,,,0.141093755070829,0.1428697647754182,0.2248494651336223,0.0844874266348779,,,,,-0.0012648267876356,0.2387003827691078,0.0983383442703634,,,,,0.0138509176354855,0.0125860908478498,0.4375,0.258,,,,,0.095,,,,,,,,,0.3181535601615906,0.1956700682640075,,,,,0.0885374620556831,0.361956924200058,0.1463693976402282,,,,,0.0012990832328796
human_nontata_promoters,chromosome_chr1_chr2_holdout,A,kmer_logistic_regression,frozen,-1,0.765,0.765,,,,,0.765,0.765,,,,,,,,,0.840146,0.840146,,,,,0.840146,0.840146,0.3249691370432574,0.2416207624920743,,,,,0.204125378280776,0.2217518046291106,0.1241611425722215,0.0333305589946188,,,,,0.0218870677278787,0.3065634689875186,0.2157328854099158,,,,,0.182402326415297,0.2042893941431758,0.368,0.3015,,,,,0.284,,,,,,,,,0.3646849472845193,0.2943550898302154,,,,,0.2717624745752287,-0.0244637561509785,0.0560218445393473,,,,,-0.0106653240993507
human_nontata_promoters,chromosome_chr1_chr2_holdout,A,kmer_logistic_regression,frozen,42,0.765,0.765,,,,,0.765,0.765,,,,,,,,,0.840146,0.840146,,,,,0.840146,0.840146,0.3249691370432574,0.2416207624920743,,,,,0.204125378280776,0.2217518046291106,0.1241611425722215,0.0333305589946188,,,,,0.0218870677278787,0.3065634689875186,0.2157328854099158,,,,,0.182402326415297,0.2042893941431758,0.368,0.3015,,,,,0.284,,,,,,,,,0.3646849472845193,0.2943550898302154,,,,,0.2717624745752287,-0.0244637561509785,0.0560218445393473,,,,,-0.0106653240993507
human_nontata_promoters,chromosome_chr1_chr2_holdout,A,small_cnn,full,-1,0.8225,0.8225,,,,,0.8225,0.8225,,,,,,,,,0.877131,0.877131,,,,,0.877131,0.877131,0.1519679003376685,0.1431855458599267,,,,,0.1353380154750194,0.1420085163780156,0.0135733866691589,0.0188845021501183,,,,,0.0084480782523751,0.0572864693179726,0.062597584798932,,,,,0.0437130826488137,0.0521611609011888,0.1125,0.049,,,,,0.0315,,,,,,,,,0.0950640887022018,0.0520074665546417,,,,,0.0377156808972358,-0.0122548341751098,0.0419258475303649,,,,,0.0126605033874511
human_nontata_promoters,chromosome_chr1_chr2_holdout,A,small_cnn,full,11,0.805,0.805,,,,,0.805,0.805,,,,,,,,,0.8716039999999999,0.8716039999999999,,,,,0.8716039999999999,0.8716039999999999,0.1908734996805357,0.1434111801681392,,,,,0.1411160446936341,0.1466456083002176,0.067336721457541,-0.021175038345158,,,,,-0.0001626270860433,0.1493305636793375,0.0608188038766384,,,,,0.0819938422217965,0.0818312151357531,0.1895,0.103,,,,,0.089,,,,,,,,,0.1168693602085113,0.0756040662527084,,,,,0.0635904893279075,-0.0133861899375915,0.032051682472229,,,,,0.0067297220230102
human_nontata_promoters,chromosome_chr1_chr2_holdout,A,small_cnn,full,23,0.8255,0.8255,,,,,0.8255,0.8255,,,,,,,,,0.8737929999999999,0.8737929999999999,,,,,0.8737929999999999,0.8737929999999999,0.1568925576804209,0.1477954471431392,,,,,0.1362856747693809,0.1447080476265183,-0.0300916438102722,-0.0084690857976675,,,,,0.0075405428558587,0.0208761059194803,0.042498663932085,,,,,0.0509677497297525,0.0585082925856113,0.117,0.0665,,,,,0.05,,,,,,,,,0.095153622329235,0.0644085109233856,,,,,0.042422316968441,0.0057357549667358,0.039215087890625,,,,,0.0112078785896301
human_nontata_promoters,chromosome_chr1_chr2_holdout,A,small_cnn,full,37,0.762,0.762,,,,,0.762,0.762,,,,,,,,,0.8614120000000001,0.8614120000000001,,,,,0.8614120000000001,0.8614120000000001,0.169605876160724,0.1830141719400154,,,,,0.1690592293461709,0.1767617191881052,-0.0557629016116262,0.0224017022252081,,,,,0.0083725498095153,0.0687164714261889,0.1468810752630233,,,,,0.1244793730378151,0.1328519228473305,0.1245,0.0655,,,,,0.0275,,,,,,,,,0.1117377430200576,0.0593049228191375,,,,,0.0329849012196064,-0.0333848595619201,0.0406258702278137,,,,,0.015723168849945
human_nontata_promoters,chromosome_chr1_chr2_holdout,A,small_cnn,full,49,0.8205,0.8205,,,,,0.8205,0.8205,,,,,,,,,0.87711,0.87711,,,,,0.87711,0.87711,0.1651923706551796,0.148169613820211,,,,,0.1366516691467567,0.1416664394520937,-0.0201639043018221,0.0027219182178378,,,,,-0.0125333439931273,0.036554419234395,0.059440241754055,,,,,0.0567183235362172,0.0441849795430898,0.1495,0.06,,,,,0.033,,,,,,,,,0.1249358132481575,0.0665160045027732,,,,,0.0410173796117305,-0.0223022699356079,0.0469788908958435,,,,,0.0096070170402526
human_nontata_promoters,chromosome_chr1_chr2_holdout,A,small_cnn,full,61,0.8185,0.8185,,,,,0.8185,0.8185,,,,,,,,,0.878059,0.878059,,,,,0.878059,0.878059,0.1578871541700564,0.14735787530813,,,,,0.1351552286370597,0.1442495619710331,-0.0292740113288164,0.0109699451327323,,,,,0.0103778772503137,0.0155032792836427,0.0557472357451915,,,,,0.0447772906124591,0.0551551678627729,0.1315,0.0695,,,,,0.0455,,,,,,,,,0.1114376485347747,0.0690248534083366,,,,,0.0527003407478332,0.0020636320114135,0.0507580637931823,,,,,0.0200347900390625
human_nontata_promoters,chromosome_chr1_chr2_holdout,A,small_cnn_rc_aug,full,-1,0.812,0.812,,,,,0.812,0.812,,,,,,,,,0.8746149999999999,0.8746149999999999,,,,,0.8746149999999999,0.8746149999999999,0.1590831237759462,0.151179033190311,,,,,0.1410100096236585,0.1410224350733474,0.0125167666003107,0.0135560802370309,,,,,-0.0093724163249135,0.0800019768103957,0.0810412904471158,,,,,0.0674852102100849,0.0581127938851714,0.142,0.0455,,,,,0.014,,,,,,,,,0.1384345144033432,0.0572659075260162,,,,,0.0144346887245774,-0.0352839827537536,0.0463092327117919,,,,,-0.0015665292739868
human_nontata_promoters,chromosome_chr1_chr2_holdout,A,small_cnn_rc_aug,full,11,0.7935,0.7935,,,,,0.7935,0.7935,,,,,,,,,0.8696489999999999,0.8696489999999999,,,,,0.8696489999999999,0.8696489999999999,0.169097006724012,0.1624250692331561,,,,,0.1516560856266793,0.1490855640302275,-0.0578442404270172,0.020511607401073,,,,,-0.0023623904995619,0.0262773064672946,0.1046331542953849,,,,,0.0841215468943119,0.0817591563947499,0.154,0.0755,,,,,0.0345,,,,,,,,,0.1360543817281723,0.0733162239193916,,,,,0.0348972827196121,-0.0261624455451965,0.0421855449676513,,,,,-0.0036678910255432
human_nontata_promoters,chromosome_chr1_chr2_holdout,A,small_cnn_rc_aug,full,23,0.829,0.829,,,,,0.829,0.829,,,,,,,,,0.8730759999999999,0.8730759999999999,,,,,0.8730759999999999,0.8730759999999999,0.204073949775708,0.1419080152470918,,,,,0.1307255661336346,0.1350310379919522,0.1125924420133233,-0.0203027822002769,,,,,-0.0013827051445842,0.1530685849934816,0.0201733607798814,,,,,0.0404761429801583,0.0390934378355741,0.263,0.0925,,,,,0.0375,,,,,,,,,0.1753835380077362,0.0818206146359443,,,,,0.0322042144834995,-0.0393006801605224,0.0401732325553894,,,,,0.0040676593780517
human_nontata_promoters,chromosome_chr1_chr2_holdout,A,small_cnn_rc_aug,full,37,0.8135,0.8135,,,,,0.8135,0.8135,,,,,,,,,0.8598330000000001,0.8598330000000001,,,,,0.8598330000000001,0.8598330000000001,0.2010565667047568,0.152472853637593,,,,,0.1407486574495786,0.139632526078811,0.090288610033691,0.0021321888118982,,,,,-0.0036384651958943,0.1322547352984548,0.044098314076662,,,,,0.0419661252647638,0.0383276600688695,0.284,0.072,,,,,0.038,,,,,,,,,0.2073171734809875,0.0780533328652381,,,,,0.0423065051436424,-0.0955567359924316,0.0294269323348999,,,,,-0.0108588337898254
human_nontata_promoters,chromosome_chr1_chr2_holdout,A,small_cnn_rc_aug,full,49,0.759,0.759,,,,,0.759,0.759,,,,,,,,,0.8615650000000001,0.8615650000000001,,,,,0.8615650000000001,0.8615650000000001,0.177707322087036,0.1920703783555513,,,,,0.171161058940438,0.1710953313899023,-0.0456530025489628,0.0345685212984681,,,,,0.0018029647916555,0.0886484768353402,0.1688700006827712,,,,,0.1343014793843031,0.1361044441759586,0.141,0.0815,,,,,0.0215,,,,,,,,,0.1340615451335907,0.0737346038222312,,,,,0.0263028442859649,-0.0153733491897583,0.0616145133972168,,,,,0.0011067390441894
human_nontata_promoters,chromosome_chr1_chr2_holdout,A,small_cnn_rc_aug,full,61,0.7965,0.7965,,,,,0.7965,0.7965,,,,,,,,,0.867909,0.867909,,,,,0.867909,0.867909,0.170727059719875,0.163967491280705,,,,,0.1474971965053626,0.1476525344253382,-0.0393351634368301,0.0299763836562632,,,,,0.0080467249304055,0.02636099524796,0.0956725423410534,,,,,0.0656961586847901,0.0737428836151957,0.154,0.07,,,,,0.0435,,,,,,,,,0.1309069693088531,0.0770527198910713,,,,,0.0399199947714805,-2.7179718017578125e-05,0.0581459403038024,,,,,0.001518964767456
human_nontata_promoters,official,none,dnabert2,frozen,-1,0.828,0.828,,,,,0.828,0.828,,,,,,,,,0.887888,0.887888,,,,,0.887888,0.887888,0.2531633154895259,0.157512236485644,,,,,0.1279405383264637,0.1375491145491367,0.1646617959442884,0.0262113113554254,,,,,-0.0189866093985185,0.2066633586105877,0.0682128740217247,,,,,0.0420015626662993,0.0230149532677808,0.41,0.099,,,,,0.073,,,,,,,,,0.2518976687499663,0.1001148418764695,,,,,0.0777349317929724,-0.0538831078698363,0.0038541693706631,,,,,0.0131583581019262
human_nontata_promoters,official,none,dnabert2,frozen,42,0.828,0.828,,,,,0.828,0.828,,,,,,,,,0.887888,0.887888,,,,,0.887888,0.887888,0.2531633154895259,0.157512236485644,,,,,0.1279405383264637,0.1375491145491367,0.1646617959442884,0.0262113113554254,,,,,-0.0189866093985185,0.2066633586105877,0.0682128740217247,,,,,0.0420015626662993,0.0230149532677808,0.41,0.099,,,,,0.073,,,,,,,,,0.2518976687499663,0.1001148418764695,,,,,0.0777349317929724,-0.0538831078698363,0.0038541693706631,,,,,0.0131583581019262
human_nontata_promoters,official,none,gc_only,frozen,42,0.7272526012840381,0.7272526012840381,0.7272526012840381,0.7272526012840381,0.7272526012840381,0.7272526012840381,0.7252601284038078,0.7272526012840381,0.8393630217887045,0.8393630217887045,0.8393630217887045,0.8393630217887045,0.8393630217887045,0.8393630217887045,,0.8393630217887045,0.7959149681512145,0.7959149681512145,0.7959149681512145,0.7959149681512145,0.7959149681512145,0.7959149681512145,0.7959149681512145,0.7959149681512145,0.1847922384316522,0.1847922384316522,0.1847922384316522,0.1847922384316522,0.1847922384316522,0.1847922384316522,,0.1847922384316522,0.0,0.0,0.0,0.0,0.0,0.0,0.0,0.0465141251525639,0.0465141251525639,0.0465141251525639,0.0465141251525639,0.0465141251525639,0.0465141251525639,,0.0465141251525639,0.0,0.0,0.0,0.0,0.0,0.0,0.0,0.4529293040414943,0.4529293040414943,0.4529293040414943,0.4529293040414943,0.4529293040414943,0.4529293040414943,,0.4529293040414943,0.0,0.0,0.0,0.0,0.0,0.0,0.0,0.0,0.0,0.0,0.0,0.0,0.0,0.0
human_nontata_promoters,official,none,kmer_logistic_regression,frozen,-1,0.8375,0.8375,,,,,0.8375,0.8375,,,,,,,,,0.8984909999999999,0.8984909999999999,,,,,0.8984909999999999,0.8984909999999999,0.3448287361273044,0.261542456778351,,,,,0.133432542662848,0.2294116046854706,0.2183623565619146,0.1262496242343664,,,,,0.1048867659226201,0.328579995383491,0.2364672630559427,,,,,0.1102176388215763,0.2151044047441964,0.405,0.3215,,,,,0.268,,,,,,,,,0.3907444044811676,0.316267987338407,,,,,0.2634432589752333,-0.0026594560109637,0.0575635769009338,,,,,0.0168218440450704
human_nontata_promoters,official,none,kmer_logistic_regression,frozen,42,0.8375,0.8375,0.6892849236218729,0.6943767987602391,0.8525570068629621,0.6112464024795218,0.8375,0.8375,,,0.8306775732117951,0.8282392170258293,0.9411233604818416,0.7261595102594169,,,0.8984909999999999,0.8984909999999999,0.780056048725394,0.7475351181298386,0.9088290202685764,0.6843441195146329,0.8984909999999999,0.8984909999999999,0.3448287361273044,0.261542456778351,0.269519942425062,0.2718313911723062,0.1246934999190846,0.3531765934365873,0.133432542662848,0.2294116046854706,0.2183623565619146,0.1262496242343664,0.1546916147854048,0.1526491065657714,0.0012232488865686,0.2411135713833045,0.1048867659226201,0.328579995383491,0.2364672630559427,0.2531057284220888,0.2510632202024553,0.0996373625232525,0.3395276850199885,0.1102176388215763,0.2151044047441964,0.405,0.3215,0.3135930927606818,0.171020588886429,0.0137259242860305,0.4035864511844144,0.268,,,0.369647020728772,0.4442621705015904,0.7091481247798129,0.2071745939549268,,,0.3907444044811676,0.316267987338407,0.3040697848091215,0.1646848791384291,0.013238344864762,0.3953174355053639,0.2634432589752333,-0.0026594560109637,0.0575635769009338,0.0359007920234741,0.2836280097280947,0.0054751147086709,-0.0153842205074243,0.0168218440450704
human_nontata_promoters,official,none,small_cnn,full,-1,0.7945,0.7945,,,,,0.7945,0.7945,,,,,,,,,0.842903,0.842903,,,,,0.842903,0.842903,0.1956470894863779,0.1644750244235244,,,,,0.1519707324290783,0.1587545603389694,0.0415386336222291,0.0004174573868513,,,,,-0.008566006243229,0.0644255147203803,0.0233043384850025,,,,,0.0228868810981512,0.0143208748549222,0.1575,0.071,,,,,0.0625,,,,,,,,,0.109779454767704,0.0573856495320797,,,,,0.0435033664107322,-0.0022913217544555,0.0464639663696289,,,,,0.0076655149459838
human_nontata_promoters,official,none,small_cnn,full,11,0.7755,0.7755,,,,,0.7755,0.7755,,,,,,,,,0.8276239999999999,0.8276239999999999,,,,,0.8276239999999999,0.8276239999999999,0.1986105437756541,0.1732169679520207,,,,,0.1609732401438752,0.1675259921653422,0.0307610578685998,0.008053762704134,,,,,-0.0044447483122348,0.0526558021456003,0.0299485069811344,,,,,0.0218947442770004,0.0174499959647655,0.1385,0.092,,,,,0.0785,,,,,,,,,0.0978461131453514,0.0697106644511222,,,,,0.0587534718215465,0.0208450555801391,0.0427407026290893,,,,,0.0050236582756042
human_nontata_promoters,official,none,small_cnn,full,23,0.77,0.77,,,,,0.77,0.77,,,,,,,,,0.830003,0.830003,,,,,0.830003,0.830003,0.2110516817536116,0.1726072502449066,,,,,0.1644705464582243,0.1703811531175743,0.0445293390601874,-0.021202147990465,,,,,-0.0043246129974722,0.1004784093275666,0.0347469222769141,,,,,0.0559490702673792,0.051624457269907,0.1465,0.0985,,,,,0.0745,,,,,,,,,0.1082963719964027,0.0760045796632766,,,,,0.055852860212326,0.0105053782463073,0.0416637659072876,,,,,0.0077038407325744
human_nontata_promoters,official,none,small_cnn,full,37,0.793,0.793,,,,,0.793,0.793,,,,,,,,,0.8635649999999999,0.8635649999999999,,,,,0.8635649999999999,0.8635649999999999,0.2107411424432284,0.176065169156382,,,,,0.1531585988115614,0.1617021443175368,0.0018975880742072,0.0129936067685485,,,,,-0.0014746340699493,0.0892884527444839,0.1003844714388251,,,,,0.0873908646702766,0.0859162306003272,0.2495,0.079,,,,,0.0495,,,,,,,,,0.1941636353731155,0.0777743756771087,,,,,0.0539663694798946,-0.0577937960624694,0.0433318018913269,,,,,0.0069360733032226
human_nontata_promoters,official,none,small_cnn,full,49,0.777,0.777,,,,,0.777,0.777,,,,,,,,,0.8367580000000001,0.8367580000000001,,,,,0.8367580000000001,0.8367580000000001,0.2195643303408469,0.170409609802907,,,,,0.1591623700082549,0.1655089355980828,0.0839443703889846,-0.0131333871409297,,,,,0.0072400051057338,0.1351750608980655,0.0380973033681511,,,,,0.0512306905090809,0.0584706956148147,0.182,0.1005,,,,,0.056,,,,,,,,,0.1314473003149032,0.077339082956314,,,,,0.0472110323607921,-0.0114791989326477,0.0475548505783081,,,,,0.0067412257194519
human_nontata_promoters,official,none,small_cnn,full,61,0.791,0.791,,,,,0.791,0.791,,,,,,,,,0.838899,0.838899,,,,,0.838899,0.838899,0.1984111392430423,0.1735337265830118,,,,,0.1558337603890923,0.1621736725283696,0.0258746448084712,0.0243264708518982,,,,,-0.0034950812011956,0.0519857989326119,0.0504376249760389,,,,,0.0261111541241407,0.022616072922945,0.162,0.102,,,,,0.0685,,,,,,,,,0.1131708472967147,0.0775662362575531,,,,,0.0522722192108631,0.0264657139778137,0.0570289492607116,,,,,0.0119227170944213
human_nontata_promoters,official,none,small_cnn_rc_aug,full,-1,0.8015,0.8015,,,,,0.8015,0.8015,,,,,,,,,0.8636599999999999,0.8636599999999999,,,,,0.8636599999999999,0.8636599999999999,0.2292265311637558,0.1564584616435639,,,,,0.1440133262069258,0.1429321244133007,0.1297359126955269,-0.0132784271091223,,,,,-0.0006018233448267,0.1738313944861292,0.0308170546814799,,,,,0.0440954817906022,0.0434936584457755,0.274,0.074,,,,,0.0195,,,,,,,,,0.1702148020267486,0.0657117143273353,,,,,0.0165502354502677,-0.0348603129386901,0.0378893613815307,,,,,-0.0008527636528015
human_nontata_promoters,official,none,small_cnn_rc_aug,full,11,0.7805,0.7805,,,,,0.7805,0.7805,,,,,,,,,0.8544959999999999,0.8544959999999999,,,,,0.8544959999999999,0.8544959999999999,0.2513077721865268,0.1688942039592053,,,,,0.1576149310847026,0.1540147064671229,0.1096952947378158,-0.0168387679755688,,,,,-0.0003591061308981,0.1896928112506866,0.063158748537302,,,,,0.0799975165128708,0.0796384103819727,0.257,0.13,,,,,0.098,,,,,,,,,0.1708374768495559,0.0887587815523147,,,,,0.0630815252661705,-0.0244468450546264,0.0361083149909973,,,,,-0.0039136409759521
human_nontata_promoters,official,none,small_cnn_rc_aug,full,23,0.785,0.785,,,,,0.785,0.785,,,,,,,,,0.8580690000000001,0.8580690000000001,,,,,0.8580690000000001,0.8580690000000001,0.2461325411666053,0.165730787406178,,,,,0.1521343278804281,0.1513936952289895,0.1154096719697117,-0.0102783877924085,,,,,-0.0014426323920488,0.1882096787169575,0.0625216189548373,,,,,0.0728000067472458,0.0713573743551969,0.2535,0.115,,,,,0.053,,,,,,,,,0.1698680073022842,0.0892851278185844,,,,,0.0401839762926101,-0.0245779156684875,0.0329100489616394,,,,,0.0009886622428894
human_nontata_promoters,official,none,small_cnn_rc_aug,full,37,0.791,0.791,,,,,0.791,0.791,,,,,,,,,0.865464,0.865464,,,,,0.865464,0.865464,0.3056255875621058,0.1730223954415712,,,,,0.1483437022386114,0.14830395881953,0.2154458913579582,0.0060278048664331,,,,,-0.0003421112671495,0.2874654010236263,0.0780473145321011,,,,,0.072019509665668,0.0716773983985185,0.33,0.1185,,,,,0.042,,,,,,,,,0.2392143309116363,0.0948538482189178,,,,,0.0336381010711193,-0.0889694690704345,0.0214298367500305,,,,,3.254413604736328e-05
human_nontata_promoters,official,none,small_cnn_rc_aug,full,49,0.797,0.797,,,,,0.797,0.797,,,,,,,,,0.8566509999999999,0.8566509999999999,,,,,0.8566509999999999,0.8566509999999999,0.2424046364048884,0.162357815504522,,,,,0.1483173579391307,0.1481951320517176,0.1262251749485731,-0.0189959535077215,,,,,-0.0011287911832332,0.18168570291996,0.0364645744636654,,,,,0.0554605279713869,0.0543317367881536,0.2575,0.0975,,,,,0.0335,,,,,,,,,0.1721305102109909,0.0782264545559883,,,,,0.0304474141448736,-0.0372559428215026,0.0430710911750793,,,,,-0.0001049041748046
human_nontata_promoters,official,none,small_cnn_rc_aug,full,61,0.7975,0.7975,,,,,0.7975,0.7975,,,,,,,,,0.8634720000000001,0.8634720000000001,,,,,0.8634720000000001,0.8634720000000001,0.2110887925988467,0.1704107348469407,,,,,0.147743115100581,0.1457613190522146,0.0299079226292669,0.0232293715514243,,,,,-0.0007676324732601,0.0903710717707872,0.0836925206929445,,,,,0.0604631491415202,0.05969551666826,0.2185,0.0875,,,,,0.0355,,,,,,,,,0.17603500187397,0.0848227217793464,,,,,0.0389072969555854,0.0009484887123107,0.0559272766113281,,,,,-0.0012666583061218
human_ocr_ensembl,chromosome_chr1_chr2_holdout,A,kmer_logistic_regression,frozen,-1,0.619,0.619,,,,,0.619,0.619,,,,,,,,,0.6580280000000001,0.6580280000000001,,,,,0.6580280000000001,0.6580280000000001,0.449676713319686,0.4025743030224254,,,,,0.3287384166718749,0.3208128273110993,0.127646449230407,0.0758844001096865,,,,,-0.0075514317633914,0.4285864293646693,0.3768243802439487,,,,,0.3009399801342622,0.2933885483708708,0.502,0.468,,,,,0.3925,,,,,,,,,0.4859951108364747,0.4388659416303533,,,,,0.3759628658443416,0.333035704034467,0.1096015731931026,,,,,-0.0034628596502424
human_ocr_ensembl,chromosome_chr1_chr2_holdout,A,kmer_logistic_regression,frozen,42,0.619,0.619,,,,,0.619,0.619,,,,,,,,,0.6580280000000001,0.6580280000000001,,,,,0.6580280000000001,0.6580280000000001,0.449676713319686,0.4025743030224254,,,,,0.3287384166718749,0.3208128273110993,0.127646449230407,0.0758844001096865,,,,,-0.0075514317633914,0.4285864293646693,0.3768243802439487,,,,,0.3009399801342622,0.2933885483708708,0.502,0.468,,,,,0.3925,,,,,,,,,0.4859951108364747,0.4388659416303533,,,,,0.3759628658443416,0.333035704034467,0.1096015731931026,,,,,-0.0034628596502424
human_ocr_ensembl,official,none,kmer_logistic_regression,frozen,-1,0.619,0.619,,,,,0.619,0.619,,,,,,,,,0.650458,0.650458,,,,,0.650458,0.650458,0.4484389255950459,0.4031048834780595,,,,,0.3305716614378323,0.3317620140051169,0.1374832234830839,0.0838301998218954,,,,,0.0084061330305751,0.4338034704628794,0.3801504468016909,,,,,0.2963202469797955,0.3047263800103706,0.489,0.4815,,,,,0.3935,,,,,,,,,0.4640316398874735,0.4561578610780579,,,,,0.3800095436071972,0.22693885716273,0.0620904300322382,,,,,-0.0054219690911898
human_ocr_ensembl,official,none,kmer_logistic_regression,frozen,42,0.619,0.619,,,,,0.619,0.619,,,,,,,,,0.650458,0.650458,,,,,0.650458,0.650458,0.4484389255950459,0.4031048834780595,,,,,0.3305716614378323,0.3317620140051169,0.1374832234830839,0.0838301998218954,,,,,0.0084061330305751,0.4338034704628794,0.3801504468016909,,,,,0.2963202469797955,0.3047263800103706,0.489,0.4815,,,,,0.3935,,,,,,,,,0.4640316398874735,0.4561578610780579,,,,,0.3800095436071972,0.22693885716273,0.0620904300322382,,,,,-0.0054219690911898
human_ocr_ensembl,official,none,small_cnn,full,-1,0.5695,0.5695,,,,,0.5695,0.5695,,,,,,,,,0.640304,0.640304,,,,,0.640304,0.640304,0.2510768611403891,0.2511484948549346,,,,,0.242803743933832,0.2425656553579078,0.0079237728416919,0.0173433921635151,,,,,0.0051651076078414,0.0709320880174636,0.0803517073392868,,,,,0.0630083151757717,0.0681734227836131,0.1485,0.1475,,,,,0.057,,,,,,,,,0.0351672880351543,0.0335942581295967,,,,,0.0132225817069411,0.0030643939971923,-0.0104559659957885,,,,,-0.0003966093063354
human_ocr_ensembl,official,none,small_cnn,full,11,0.584,0.584,,,,,0.584,0.584,,,,,,,,,0.62702,0.62702,,,,,0.62702,0.62702,0.2542790084121633,0.2512951476037838,,,,,0.2405268481687205,0.2398105794878151,0.0231742106229065,0.0343697759807109,,,,,-0.0006068919301034,0.07552290725708,0.0867184726148843,,,,,0.0523486966341734,0.05174180470407,0.26,0.231,,,,,0.1085,,,,,,,,,0.0682115629315376,0.067002847790718,,,,,0.03495754301548,-0.0078411698341369,-0.0258024930953979,,,,,-0.0010122656822204
human_ocr_ensembl,official,none,small_cnn,full,23,0.561,0.561,,,,,0.561,0.561,,,,,,,,,0.6347809999999999,0.6347809999999999,,,,,0.6347809999999999,0.6347809999999999,0.2574124274132102,0.2583187251734101,,,,,0.2452286686394139,0.2448575601931437,0.0173361937254667,0.0240090747028589,,,,,-0.0006455927193164,0.0989311527013778,0.10560403367877,,,,,0.0815949589759111,0.0809493662565946,0.1815,0.1705,,,,,0.0995,,,,,,,,,0.0564317479729652,0.0516616515815258,,,,,0.0344534516334533,-0.006698191165924,-0.0134064555168151,,,,,-0.0010985136032104
human_ocr_ensembl,official,none,small_cnn,full,37,0.5905,0.5905,,,,,0.5905,0.5905,,,,,,,,,0.631,0.631,,,,,0.631,0.631,0.2495075965316935,0.2494428356278453,,,,,0.2392968401797067,0.2393039707111532,0.0023869900703429,0.0250263023972511,,,,,0.001111180782318,0.0475491125285625,0.0701884248554707,,,,,0.0451621224582195,0.0462733032405376,0.2455,0.228,,,,,0.073,,,,,,,,,0.0621118247509002,0.0586302950978279,,,,,0.0212212391197681,0.0114319920539855,-0.0152501463890075,,,,,-0.0002649426460266
human_ocr_ensembl,official,none,small_cnn,full,49,0.5,0.5,,,,,0.5,0.5,,,,,,,,,0.6080565,0.6080565,,,,,0.6080565,0.6080565,0.2502767710973846,0.250232749466771,,,,,0.2501240418964474,0.2501059947569146,0.0003434419631958,0.0003809928894043,,,,,-4.053115844799421e-06,0.0208725333213806,0.0209100842475891,,,,,0.0205290913581848,0.02052503824234,0.0,0.0,,,,,0.0,,,,,,,,,0.0009890221990644,0.0009400268900208,,,,,0.0008100456325337,-0.0002045035362243,-0.0002878308296203,,,,,-1.3709068298339844e-05
human_ocr_ensembl,official,none,small_cnn,full,61,0.5155,0.5155,,,,,0.5155,0.5155,,,,,,,,,0.63646,0.63646,,,,,0.63646,0.63646,0.2588516674881768,0.2613013296006216,,,,,0.2544360214699412,0.2546742982458323,-0.0072418348044158,0.0034793916791678,,,,,-0.0011019687205552,0.1114777362644671,0.1221989627480507,,,,,0.1187195710688829,0.1176176023483276,0.052,0.0445,,,,,0.0245,,,,,,,,,0.0407013781368732,0.0359547659754753,,,,,0.0219195391982793,0.0186337828636169,0.0024669766426086,,,,,0.0004063844680786
human_ocr_ensembl,official,none,small_cnn_rc_aug,full,-1,0.6385,0.6385,,,,,0.6385,0.6385,,,,,,,,,0.7036005000000001,0.7036005000000001,,,,,0.7036005000000001,0.7036005000000001,0.2460609624926507,0.2425057652864484,,,,,0.2220495119774068,0.2222462460959511,-0.032940738722682,0.0039646809548139,,,,,-0.0064879381805659,0.018995308637619,0.0559007283151149,,,,,0.051936047360301,0.0454481091797351,0.316,0.2715,,,,,0.156,,,,,,,,,0.0998835414648056,0.0893168300390243,,,,,0.0560485534369945,0.0610595345497131,0.0084955692291259,,,,,0.0008825659751892
human_ocr_ensembl,official,none,small_cnn_rc_aug,full,11,0.603,0.603,,,,,0.603,0.603,,,,,,,,,0.6818979999999999,0.6818979999999999,,,,,0.6818979999999999,0.6818979999999999,0.2607045530381923,0.2567061568772252,,,,,0.2330199207791039,0.234500289860559,0.0098637962043284,0.0188457392305134,,,,,-0.0070734630674123,0.098317152634263,0.107299095660448,,,,,0.0884533564299345,0.0813798933625221,0.251,0.22,,,,,0.15,,,,,,,,,0.1113204956054687,0.0996598750352859,,,,,0.0806485712528228,0.0227372646331787,0.000365138053894,,,,,0.0029590129852294
human_ocr_ensembl,official,none,small_cnn_rc_aug,full,23,0.626,0.626,,,,,0.626,0.626,,,,,,,,,0.6852929999999999,0.6852929999999999,,,,,0.6852929999999999,0.6852929999999999,0.2515183570261041,0.2498795081292037,,,,,0.2278323257265404,0.2284430390829639,-0.0046672866493463,0.0149944532886147,,,,,0.0009877985939382,0.0517452391982078,0.0714069791361689,,,,,0.0564125258475542,0.0574003244414925,0.3555,0.306,,,,,0.1995,,,,,,,,,0.1160457730293273,0.1069021821022033,,,,,0.0702706277370452,0.0545286536216735,0.0103260278701782,,,,,0.0010727047920227
human_ocr_ensembl,official,none,small_cnn_rc_aug,full,37,0.6225,0.6225,,,,,0.6225,0.6225,,,,,,,,,0.6800679999999999,0.6800679999999999,,,,,0.6800679999999999,0.6800679999999999,0.2556818022184038,0.2554441567901033,,,,,0.2301400499561783,0.2309898550709189,0.0070541041195392,0.0277986070811748,,,,,0.0021869254261255,0.0736480256915092,0.0943925286531448,,,,,0.06659392157197,0.0687808469980955,0.4255,0.2745,,,,,0.116,,,,,,,,,0.1675474345684051,0.1340760439634323,,,,,0.0588268749415874,0.128747671842575,0.0112530589103698,,,,,0.0010638236999511
human_ocr_ensembl,official,none,small_cnn_rc_aug,full,49,0.617,0.617,,,,,0.617,0.617,,,,,,,,,0.686169,0.686169,,,,,0.686169,0.686169,0.2541237871114521,0.2467321032885939,,,,,0.2264736276439629,0.2268058425445079,0.0186267150714992,-0.0179109219536185,,,,,-0.0092048414573074,0.0726385606378316,0.0361009236127138,,,,,0.0540118455663323,0.0448070041090249,0.4105,0.3505,,,,,0.249,,,,,,,,,0.1214803159236908,0.1097653806209564,,,,,0.0780410096049308,0.0425980985164642,0.0095566809177398,,,,,-0.000327706336975
human_ocr_ensembl,official,none,small_cnn_rc_aug,full,61,0.6335,0.6335,,,,,0.6335,0.6335,,,,,,,,,0.679078,0.679078,,,,,0.679078,0.679078,0.2610111499470793,0.2520200748199208,,,,,0.2261979182912274,0.2231512171025982,0.0665178627148271,0.0357164292037487,,,,,0.0030245087295771,0.0891485001668334,0.058347066655755,,,,,0.0226306374520063,0.0256551461815834,0.3995,0.371,,,,,0.2275,,,,,,,,,0.1543528735637664,0.144033282995224,,,,,0.092389702796936,0.056685984134674,0.010977029800415,,,,,-0.0003551244735717
