task_id,task_label,model_id,model_label,scanned_positive_count,motif_hit_count,evaluated_count,motifs_tested,official_auroc,mean_original_prob,mean_motif_disrupted_prob,mean_gc_preserving_prob,mean_random_edit_prob,motif_drop,motif_drop_ci_low,motif_drop_ci_high,gc_preserving_motif_drop,gc_preserving_ci_low,gc_preserving_ci_high,random_edit_drop,random_edit_ci_low,random_edit_ci_high,motif_minus_random,motif_minus_random_ci_low,motif_minus_random_ci_high
human_nontata_promoters,Promoters,kmer_logistic_regression,6-mer logistic regression,4915,2494,1000,TATAAA;CCAAT;GGGCGG,0.9159055731855232,0.9015512971176731,0.8869603175915391,0.890059084203111,0.9061361821067996,0.014590979526133991,0.00886583889185425,0.019711920942049134,0.011492212914562183,0.005989553346526535,0.016636397549249848,-0.00458488498912638,-0.009682703112795784,0.0004014817617337192,0.019175864515260373,0.013037428151998267,0.0244649402017765
human_nontata_promoters,Promoters,small_cnn,CNN,4915,2494,1000,TATAAA;CCAAT;GGGCGG,0.8933100879555502,0.8154944777488708,0.8056495189666748,0.8094580173492432,0.815817654132843,0.009844994835555553,0.007744119243510068,0.012163907130248845,0.006036555096507072,0.004433988595381379,0.007571835714764894,-0.00032310263067483904,-0.00219650467056781,0.0015246883763000373,0.010168097451329232,0.007384440105967224,0.013263738334737719
human_nontata_promoters,Promoters,small_cnn_rc_aug,RC-aug CNN,4915,2494,1000,TATAAA;CCAAT;GGGCGG,0.9023833921506592,0.871023952960968,0.8603318929672241,0.8644852042198181,0.8705390691757202,0.010692102644592524,0.007973255089856683,0.01351956086223945,0.006538814604282379,0.0049045135876163845,0.008351314039900899,0.0004848913177847862,-0.0007912234939634792,0.0020145798502489926,0.010207211326807738,0.007447470400482417,0.013189591026213022
human_nontata_promoters,Promoters,dnabert2,DNABERT-2,4915,2494,1000,TATAAA;CCAAT;GGGCGG,0.9133644374863084,0.8652797270594129,0.8597356222057815,0.8615422822922604,0.8643857708965536,0.005544104853631474,0.004161033332600998,0.0067850658989896855,0.003737444767152628,0.002567371449264925,0.004753999763117957,0.0008939561628592692,-4.3494890688496686e-05,0.002000982528480961,0.004650148690772204,0.003082453731143224,0.006145018929842731
human_nontata_promoters,Promoters,caduceus_ph,Caduceus-Ph,4915,2494,1000,TATAAA;CCAAT;GGGCGG,0.8525102019596554,0.7860371993956176,0.7807220232349232,0.7794745783152236,0.7862361940610685,0.005315176160694298,0.004646816801022894,0.006106799022402603,0.0065626210803939496,0.006068229456535017,0.007178061180797067,-0.00019899466545085425,-0.0005643943019078092,0.00011968426411933719,0.005514170826145152,0.00473828953969769,0.006259999483818298
human_enhancers_cohn,Enhancers (Cohn),kmer_logistic_regression,6-mer logistic regression,3474,3247,1000,CACGTG;TGACTCA;GGAA,0.7198442480351613,0.6586045504586268,0.6494447712735336,0.646849619741517,0.6555054070922663,0.009159779185093076,0.005525178194008051,0.014316049428671497,0.011754930717109684,0.007544981367750083,0.01642227698715692,0.0030991433663604163,-0.0008095649168292407,0.007573171297289137,0.00606063581873266,0.00047438077934143275,0.01181379041785791
human_enhancers_cohn,Enhancers (Cohn),small_cnn,CNN,3474,3247,1000,CACGTG;TGACTCA;GGAA,0.7516637699114634,0.546076774597168,0.5480428338050842,0.5449030995368958,0.5458207726478577,-0.001966029778122902,-0.0027370948983356353,-0.0013315084096044297,0.0011737410053610801,0.0007192914461717011,0.0016774633871391416,0.000256045438349247,-0.0002474902002140877,0.000779351411573589,-0.002222075216472149,-0.00311409166790545,-0.001374048831686377
human_enhancers_cohn,Enhancers (Cohn),small_cnn_rc_aug,RC-aug CNN,3474,3247,1000,CACGTG;TGACTCA;GGAA,0.7656263205673928,0.6473055481910706,0.6482704877853394,0.6458450555801392,0.6473720669746399,-0.0009649492353200912,-0.0016202924594283102,-0.00018550454638898372,0.0014604683294892312,0.0010476736268028618,0.0019824572762474416,-6.655518710613251e-05,-0.0005927396614104508,0.00046671869345009327,-0.0008983940482139587,-0.001886955530196428,3.5567195713520186e-05
human_enhancers_cohn,Enhancers (Cohn),dnabert2,DNABERT-2,3474,3247,1000,CACGTG;TGACTCA;GGAA,0.8332256164636452,0.6789309728035934,0.6793113099574942,0.681163496768952,0.6802467185121582,-0.00038033715390077793,-0.0011656463358936248,0.000566035038442935,-0.0022325239653586495,-0.0029773288239240045,-0.001345774113797213,-0.0013157457085648276,-0.0023458586162872132,-0.0004361159260949209,0.0009354085546640497,-8.281674985675484e-05,0.00215192157212191
human_enhancers_cohn,Enhancers (Cohn),caduceus_ph,Caduceus-Ph,3474,3247,1000,CACGTG;TGACTCA;GGAA,0.7740950208622719,0.6171584805790696,0.6175438682927209,0.6147664770395326,0.6176472612335867,-0.00038538771365124335,-0.000583964363546873,-0.0002071558202761305,0.00239200353953704,0.002255751230583118,0.0025248606932793795,-0.0004887806545171718,-0.0006549980146290533,-0.0003176692108151807,0.00010339294086592849,-0.00013485885997818368,0.0003478981837005937
human_enhancers_ensembl,Enhancers (Ensembl),kmer_logistic_regression,6-mer logistic regression,15485,11751,1000,CACGTG;TGACTCA;GGAA,0.7784144873813639,0.7260484552279618,0.6924266609420274,0.6799086814248247,0.7222462387355809,0.0336217942859343,0.027168494569667467,0.039363484107754323,0.046139773803137,0.03888089488369156,0.05257860719201135,0.0038022164923807553,-0.0008938293826709782,0.009950777348277963,0.029819577793553542,0.022035432807634096,0.037545832290310575
human_enhancers_ensembl,Enhancers (Ensembl),small_cnn,CNN,15485,11751,1000,CACGTG;TGACTCA;GGAA,0.8805890229475148,0.6514806747436523,0.6456838250160217,0.6412985920906067,0.6463753581047058,0.005796839227899909,0.00409061447873246,0.008007506443420426,0.010182112131267787,0.008676174070709385,0.012382741240761242,0.005105339161120355,0.002592481692112052,0.008674090219242498,0.0006915000965818762,-0.0034199852024670687,0.004435608161799611
human_enhancers_ensembl,Enhancers (Ensembl),small_cnn_rc_aug,RC-aug CNN,15485,11751,1000,CACGTG;TGACTCA;GGAA,0.8936976433806545,0.768785297870636,0.7646247148513794,0.7598567008972168,0.7640793323516846,0.004160575781948865,0.002105829108110629,0.006437709337030538,0.008928622285369784,0.006980842773942278,0.011058825410180726,0.004706004322506487,0.002533199725835584,0.00792269641037565,-0.0005454285405576229,-0.004437532332423142,0.0021194379940629015
human_enhancers_ensembl,Enhancers (Ensembl),dnabert2,DNABERT-2,15485,11751,1000,CACGTG;TGACTCA;GGAA,0.8066575286279627,0.6528896057037972,0.6411440110447232,0.6334426163966469,0.6511256009941425,0.011745594659074064,0.008320046702902878,0.015273673411345024,0.019446989307150282,0.01650317883980551,0.022294306627855958,0.0017640047096547165,-0.0012141519703020999,0.004712408141397305,0.009981589949419344,0.006370301814865145,0.013853975117218122
human_enhancers_ensembl,Enhancers (Ensembl),caduceus_ph,Caduceus-Ph,15485,11751,1000,CACGTG;TGACTCA;GGAA,0.7199467273265066,0.5725215815345732,0.5728737897238015,0.5690415670105059,0.5728983067315756,-0.00035220818922832486,-0.0006654791827549445,4.0084536834429335e-06,0.0034800145240673265,0.003198594216399237,0.003794655624061375,-0.000376725197002328,-0.0007678017017873991,-2.778470376359834e-05,2.4517007774003063e-05,-0.0004690393114580806,0.0005466339524404599
